locale_id,title,id_imdb,genre_imdb
1,Toy Story (1995),tt0114709,Animation|Adventure|Comedy|Family|Fantasy
2,GoldenEye (1995),tt0113189,Action|Adventure|Thriller
3,Four Rooms (1995),tt0113101,Comedy
4,Get Shorty (1995),tt0113161,Comedy|Crime|Thriller
5,Copycat (1995),tt0112722,Drama|Mystery|Thriller
6,Shanghai Triad (Yao a yao yao dao waipo qiao) (1995),tt0115012,Crime|Drama|History|Romance|Thriller
7,Twelve Monkeys (1995),tt0114746,Mystery|Sci-Fi|Thriller
8,Babe (1995),tt0112431,Comedy|Drama|Family
9,Dead Man Walking (1995),tt0112818,Crime|Drama
10,Richard III (1995),tt0114279,Drama|Sci-Fi|War
11,Seven (Se7en) (1995),tt0114369,Crime|Drama|Mystery|Thriller
12,"Usual Suspects, The (1995)",tt0114814,Crime|Drama|Mystery|Thriller
13,Mighty Aphrodite (1995),tt0113819,Comedy|Drama|Fantasy|Romance
14,"Postino, Il (1994)",,
15,Mr. Holland's Opus (1995),tt0113862,Drama|Music
16,French Twist (Gazon maudit) (1995),tt0113149,Comedy
17,From Dusk Till Dawn (1996),tt0116367,Action|Crime|Horror
18,"White Balloon, The (1995)",tt0112445,Drama|Family
19,Antonia's Line (1995),tt0112379,Comedy|Drama
20,Angels and Insects (1995),tt0112365,Drama|Romance
21,Muppet Treasure Island (1996),tt0117110,Action|Adventure|Comedy|Family|Musical|Romance
22,Braveheart (1995),tt0112573,Biography|Drama|History|War
23,Taxi Driver (1976),tt0075314,Crime|Drama
24,Rumble in the Bronx (1995),tt0113326,Action|Comedy|Crime|Thriller
25,"Birdcage, The (1996)",tt0115685,Comedy
26,"Brothers McMullen, The (1995)",tt0112585,Comedy|Drama|Romance
27,Bad Boys (1995),tt0112442,Action|Comedy|Crime|Thriller
28,Apollo 13 (1995),tt0112384,Adventure|Drama|History
29,Batman Forever (1995),tt0112462,Action|Adventure
30,Belle de jour (1967),,
31,Crimson Tide (1995),tt0112740,Action|Drama|Thriller|War
32,Crumb (1994),tt0109508,Documentary|Biography|Comedy|Drama
33,Desperado (1995),tt0112851,Action|Crime|Thriller|Western
34,"Doom Generation, The (1995)",tt0112887,Comedy|Crime|Drama
35,Free Willy 2: The Adventure Home (1995),tt0113114,Adventure|Drama|Family
36,Mad Love (1995),tt0113729,Comedy|Drama|Romance
37,Nadja (1994),tt0110620,Drama|Horror
38,"Net, The (1995)",tt0113957,Action|Crime|Drama|Mystery|Thriller
39,Strange Days (1995),tt0114558,Crime|Drama|Sci-Fi|Thriller
40,"To Wong Foo, Thanks for Everything! Julie Newmar (1995)",tt0114682,Comedy|Drama
41,Billy Madison (1995),tt0112508,Comedy
42,Clerks (1994),tt0109445,Comedy
43,Disclosure (1994),tt0109635,Drama|Thriller
44,Dolores Claiborne (1994),tt0109642,Crime|Drama|Mystery|Thriller
45,Eat Drink Man Woman (1994),tt0111797,Comedy|Drama|Romance
46,Exotica (1994),tt0109759,Drama
47,Ed Wood (1994),tt0109707,Biography|Comedy|Drama
48,Hoop Dreams (1994),tt0110057,Documentary|Drama|Sport
49,I.Q. (1994),tt0110099,Comedy|Romance
50,Star Wars (1977),tt0076759,Action|Adventure|Fantasy|Sci-Fi
51,Legends of the Fall (1994),tt0110322,Drama|Romance|War|Western
52,"Madness of King George, The (1994)",tt0110428,Biography|Comedy|Drama|History
53,Natural Born Killers (1994),tt0110632,Action|Crime|Drama
54,Outbreak (1995),tt0114069,Action|Drama|Thriller
55,"Professional, The (1994)",tt0082949,Action|Crime|Drama|Thriller
56,Pulp Fiction (1994),tt0110912,Crime|Drama
57,Priest (1994),tt0110889,Drama|Romance
58,Quiz Show (1994),tt0110932,Biography|Drama|History
59,Three Colors: Red (1994),tt0111495,Drama|Mystery|Romance
60,Three Colors: Blue (1993),tt0108394,Drama|Music|Mystery|Romance
61,Three Colors: White (1994),tt0111507,Comedy|Drama|Romance
62,Stargate (1994),tt0111282,Action|Adventure|Sci-Fi
63,"Santa Clause, The (1994)",tt0111070,Comedy|Drama|Family|Fantasy
64,"Shawshank Redemption, The (1994)",tt0111161,Drama
65,What's Eating Gilbert Grape (1993),tt0108550,Drama
66,While You Were Sleeping (1995),tt0114924,Comedy|Drama|Romance
67,Ace Ventura: Pet Detective (1994),tt0109040,Comedy
68,"Crow, The (1994)",tt0109506,Action|Crime|Drama|Fantasy|Horror|Thriller
69,Forrest Gump (1994),tt0109830,Drama|Romance
70,Four Weddings and a Funeral (1994),tt0109831,Comedy|Drama|Romance
71,"Lion King, The (1994)",tt0110357,Animation|Adventure|Drama|Family|Musical
72,"Mask, The (1994)",tt0110475,Action|Comedy|Crime|Fantasy
73,Maverick (1994),tt0110478,Action|Adventure|Comedy|Western
74,Faster Pussycat! Kill! Kill! (1965),tt0059170,Action|Comedy
75,Brother Minister: The Assassination of Malcolm X (1994),tt0109339,Documentary
76,Carlito's Way (1993),tt0106519,Crime|Drama|Thriller
77,"Firm, The (1993)",tt0106918,Drama|Mystery|Thriller
78,Free Willy (1993),tt0106965,Adventure|Drama|Family
79,"Fugitive, The (1993)",tt0106977,Action|Crime|Drama|Mystery|Thriller
80,Hot Shots! Part Deux (1993),tt0107144,Action|Comedy
81,"Hudsucker Proxy, The (1994)",tt0110074,Comedy|Drama|Fantasy
82,Jurassic Park (1993),tt0107290,Action|Adventure|Sci-Fi|Thriller
83,Much Ado About Nothing (1993),tt0107616,Comedy|Drama|Romance
84,Robert A. Heinlein's The Puppet Masters (1994),,
85,"Ref, The (1994)",tt0110955,Comedy|Crime|Drama
86,"Remains of the Day, The (1993)",tt0107943,Drama|Romance
87,Searching for Bobby Fischer (1993),tt0108065,Biography|Drama|Sport
88,Sleepless in Seattle (1993),tt0108160,Comedy|Drama|Romance
89,Blade Runner (1982),tt0083658,Action|Drama|Sci-Fi|Thriller
90,So I Married an Axe Murderer (1993),tt0108174,Comedy|Romance
91,"Nightmare Before Christmas, The (1993)",tt0107688,Animation|Family|Fantasy|Musical
92,True Romance (1993),tt0108399,Crime|Drama|Romance|Thriller
93,Welcome to the Dollhouse (1995),tt0114906,Comedy|Drama
94,Home Alone (1990),tt0099785,Comedy|Family
95,Aladdin (1992),tt0103639,Animation|Adventure|Comedy|Family|Fantasy|Musical|Romance
96,Terminator 2: Judgment Day (1991),tt0103064,Action|Sci-Fi
97,Dances with Wolves (1990),tt0099348,Adventure|Drama|Western
98,"Silence of the Lambs, The (1991)",tt0102926,Crime|Drama|Thriller
99,Snow White and the Seven Dwarfs (1937),tt0029583,Animation|Adventure|Family|Fantasy|Musical|Romance
100,Fargo (1996),tt0116282,Crime|Thriller
101,Heavy Metal (1981),tt0082509,Animation|Adventure|Fantasy|Sci-Fi
102,"Aristocats, The (1970)",tt0065421,Animation|Adventure|Comedy|Family|Musical
103,All Dogs Go to Heaven 2 (1996),tt0115509,Animation|Adventure|Family|Fantasy|Romance
104,Theodore Rex (1995),tt0114658,Action|Comedy|Family|Sci-Fi
105,Sgt. Bilko (1996),tt0117608,Comedy
106,Diabolique (1996),tt0116095,Drama|Horror|Mystery|Thriller
107,Moll Flanders (1996),tt0117071,Drama|Romance
108,Kids in the Hall: Brain Candy (1996),tt0116768,Comedy
109,Mystery Science Theater 3000: The Movie (1996),tt0117128,Comedy|Drama|Fantasy|Horror|Mystery|Sci-Fi|Thriller
110,Operation Dumbo Drop (1995),tt0114048,Action|Adventure|Comedy|Drama|Family|War
111,"Truth About Cats & Dogs, The (1996)",tt0117979,Comedy|Romance
112,Flipper (1996),tt0116322,Adventure|Family
113,"Horseman on the Roof, The (Hussard sur le toit, Le) (1995)",tt0113362,Adventure|Drama|Romance|War
114,Wallace & Gromit: The Best of Aardman Animation (1996),tt0118114,
115,"Haunted World of Edward D. Wood Jr., The (1995)",tt0113270,Documentary|Biography
116,Cold Comfort Farm (1995),tt0112701,Comedy|Romance
117,"Rock, The (1996)",tt0117500,Action|Adventure|Thriller
118,Twister (1996),tt0117998,Action|Adventure|Thriller
119,Maya Lin: A Strong Clear Vision (1994),tt0110480,Documentary|Biography
120,Striptease (1996),tt0117765,Comedy|Crime|Drama|Thriller
121,Independence Day (ID4) (1996),tt0116629,Action|Adventure|Sci-Fi
122,"Cable Guy, The (1996)",tt0115798,Comedy|Drama|Thriller
123,"Frighteners, The (1996)",tt0116365,Comedy|Fantasy|Horror
124,Lone Star (1996),tt0116905,Drama|Mystery|Western
125,Phenomenon (1996),tt0117333,Drama|Fantasy|Romance|Sci-Fi
126,"Spitfire Grill, The (1996)",tt0117718,Drama
127,"Godfather, The (1972)",tt0068646,Crime|Drama
128,Supercop (1992),tt0104558,Action|Comedy|Crime|Thriller
129,Bound (1996),tt0115736,Crime|Thriller
130,Kansas City (1996),tt0116745,Crime|Drama|Music|Thriller
131,Breakfast at Tiffany's (1961),tt0054698,Comedy|Drama|Romance
132,"Wizard of Oz, The (1939)",tt0032138,Adventure|Family|Fantasy|Musical
133,Gone with the Wind (1939),tt0031381,Drama|Romance|War
134,Citizen Kane (1941),tt0033467,Drama|Mystery
135,2001: A Space Odyssey (1968),tt0062622,Adventure|Sci-Fi
136,Mr. Smith Goes to Washington (1939),tt0031679,Comedy|Drama
137,Big Night (1996),tt0115678,Drama|Romance
138,D3: The Mighty Ducks (1996),tt0116000,Action|Comedy|Drama|Family|Sport
139,"Love Bug, The (1969)",tt0064603,Comedy|Family|Sport
140,Homeward Bound: The Incredible Journey (1993),tt0107131,Adventure|Comedy|Drama|Family
141,"20,000 Leagues Under the Sea (1954)",tt0046672,Adventure|Drama|Family|Fantasy|Sci-Fi
142,Bedknobs and Broomsticks (1971),tt0066817,Animation|Adventure|Comedy|Family|Fantasy|Musical
143,"Sound of Music, The (1965)",tt0059742,Biography|Drama|Family|Musical|Romance
144,Die Hard (1988),tt0095016,Action|Thriller
145,"Lawnmower Man, The (1992)",tt0104692,Horror|Sci-Fi
146,Unhook the Stars (1996),tt0118044,Drama|Romance
147,"Long Kiss Goodnight, The (1996)",tt0116908,Action|Crime|Drama|Mystery|Thriller
148,"Ghost and the Darkness, The (1996)",tt0116409,Adventure|Drama|Thriller
149,Jude (1996),tt0116722,Drama|Romance
150,Swingers (1996),tt0117802,Comedy|Drama
151,Willy Wonka and the Chocolate Factory (1971),tt6803390,Animation|Adventure|Comedy|Family|Fantasy|Musical
152,Sleeper (1973),tt0070707,Comedy|Sci-Fi
153,"Fish Called Wanda, A (1988)",tt0095159,Comedy|Crime
154,Monty Python's Life of Brian (1979),tt0079470,Comedy
155,Dirty Dancing (1987),tt0092890,Drama|Music|Romance
156,Reservoir Dogs (1992),tt0105236,Crime|Drama|Thriller
157,Platoon (1986),tt0091763,Drama|War
158,Weekend at Bernie's (1989),tt0098627,Adventure|Comedy|Crime
159,Basic Instinct (1992),tt0103772,Drama|Mystery|Thriller
160,Glengarry Glen Ross (1992),tt0104348,Crime|Drama|Mystery
161,Top Gun (1986),tt0092099,Action|Drama
162,On Golden Pond (1981),tt0082846,Drama
163,"Return of the Pink Panther, The (1974)",tt0072081,Comedy|Crime|Mystery
164,"Abyss, The (1989)",tt0096754,Adventure|Drama|Mystery|Sci-Fi|Thriller
165,Jean de Florette (1986),tt0091288,Comedy|Drama|Western
166,Manon of the Spring (Manon des sources) (1986),tt0091480,Drama|Romance|Western
167,Private Benjamin (1980),tt0081375,Comedy|War
168,Monty Python and the Holy Grail (1974),tt0071853,Adventure|Comedy|Fantasy
169,"Wrong Trousers, The (1993)",,
170,Cinema Paradiso (1988),tt0095765,Drama|Romance
171,Delicatessen (1991),tt0101700,Comedy|Crime
172,"Empire Strikes Back, The (1980)",,
173,"Princess Bride, The (1987)",tt0093779,Adventure|Family|Fantasy|Romance
174,Raiders of the Lost Ark (1981),tt0082971,Action|Adventure
175,Brazil (1985),tt0088846,Drama|Sci-Fi
176,Aliens (1986),tt0090605,Action|Adventure|Sci-Fi|Thriller
177,"Good, The Bad and The Ugly, The (1966)",tt0060196,Adventure|Western
178,12 Angry Men (1957),tt0050083,Crime|Drama
179,"Clockwork Orange, A (1971)",tt0066921,Crime|Sci-Fi
180,Apocalypse Now (1979),tt0078788,Drama|Mystery|War
181,Return of the Jedi (1983),,
182,GoodFellas (1990),tt0099685,Biography|Crime|Drama
183,Alien (1979),tt0078748,Horror|Sci-Fi
184,Army of Darkness (1993),tt0106308,Comedy|Horror
185,Psycho (1960),tt0054215,Horror|Mystery|Thriller
186,"Blues Brothers, The (1980)",tt0080455,Action|Adventure|Comedy|Crime|Music|Musical
187,"Godfather: Part II, The (1974)",tt0071562,Crime|Drama
188,Full Metal Jacket (1987),tt0093058,Drama|War
189,"Grand Day Out, A (1992)",,
190,Henry V (1989),tt0097499,Biography|Drama|History|War
191,Amadeus (1984),tt0086879,Biography|Drama|Music
192,Raging Bull (1980),tt0081398,Biography|Drama|Sport
193,"Right Stuff, The (1983)",tt0086197,Adventure|Biography|Drama|History
194,"Sting, The (1973)",tt0070735,Comedy|Crime|Drama
195,"Terminator, The (1984)",tt0088247,Action|Sci-Fi
196,Dead Poets Society (1989),tt0097165,Comedy|Drama
197,"Graduate, The (1967)",tt0061722,Comedy|Drama|Romance
198,Nikita (La Femme Nikita) (1990),tt0100263,Action|Thriller
199,"Bridge on the River Kwai, The (1957)",tt0050212,Adventure|Drama|War
200,"Shining, The (1980)",tt0081505,Drama|Horror
201,Evil Dead II (1987),tt0092991,Comedy|Horror
202,Groundhog Day (1993),tt0107048,Comedy|Drama|Fantasy|Romance
203,Unforgiven (1992),tt0105695,Drama|Western
204,Back to the Future (1985),tt0088763,Adventure|Comedy|Sci-Fi
205,Patton (1970),tt0066206,Biography|Drama|War
206,Akira (1988),tt0094625,Animation|Action|Drama|Fantasy|Sci-Fi|Thriller
207,Cyrano de Bergerac (1990),tt0099334,Comedy|Drama|History|Romance|War
208,Young Frankenstein (1974),tt0072431,Comedy
209,This Is Spinal Tap (1984),tt0088258,Comedy|Music
210,Indiana Jones and the Last Crusade (1989),tt0097576,Action|Adventure
211,M*A*S*H (1970),,
212,"Unbearable Lightness of Being, The (1988)",tt0096332,Drama|Romance
213,"Room with a View, A (1986)",tt0091867,Drama|Romance
214,Pink Floyd - The Wall (1982),,
215,Field of Dreams (1989),tt0097351,Drama|Family|Fantasy|Sport
216,When Harry Met Sally... (1989),tt0098635,Comedy|Drama|Romance
217,Bram Stoker's Dracula (1992),tt0103874,Drama|Fantasy|Horror|Romance
218,Cape Fear (1991),tt0101540,Crime|Thriller
219,"Nightmare on Elm Street, A (1984)",tt0087800,Horror
220,"Mirror Has Two Faces, The (1996)",tt0117057,Comedy|Drama|Romance
221,Breaking the Waves (1996),tt0115751,Drama
222,Star Trek: First Contact (1996),tt0117731,Action|Adventure|Drama|Sci-Fi|Thriller
223,Sling Blade (1996),tt0117666,Drama
224,Ridicule (1996),tt0117477,Comedy|Drama|History|Romance
225,101 Dalmatians (1996),tt0115433,Adventure|Comedy|Crime|Family
226,Die Hard 2 (1990),tt0099423,Action|Thriller
227,Star Trek VI: The Undiscovered Country (1991),tt0102975,Action|Adventure|Sci-Fi|Thriller
228,Star Trek: The Wrath of Khan (1982),,
229,Star Trek III: The Search for Spock (1984),tt0088170,Action|Adventure|Sci-Fi
230,Star Trek IV: The Voyage Home (1986),tt0092007,Action|Adventure|Comedy|Sci-Fi
231,Batman Returns (1992),tt0103776,Action|Crime|Fantasy
232,Young Guns (1988),tt0096487,Action|Western
233,Under Siege (1992),tt0105690,Action|Thriller
234,Jaws (1975),tt0073195,Adventure|Thriller
235,Mars Attacks! (1996),tt0116996,Comedy|Sci-Fi
236,Citizen Ruth (1996),tt0115906,Comedy|Drama
237,Jerry Maguire (1996),tt0116695,Comedy|Drama|Romance|Sport
238,Raising Arizona (1987),tt0093822,Comedy|Crime
239,Sneakers (1992),tt0105435,Comedy|Crime|Drama|Mystery|Thriller
240,Beavis and Butt-head Do America (1996),tt0115641,Animation|Adventure|Comedy|Crime|Music
241,"Last of the Mohicans, The (1992)",tt0104691,Action|Adventure|Drama|History|Romance|War
242,Kolya (1996),tt0116790,Comedy|Drama|Music
243,Jungle2Jungle (1997),tt0119432,Comedy|Family
244,Smilla's Sense of Snow (1997),tt0120152,Crime|Drama|Mystery|Sci-Fi|Thriller
245,"Devil's Own, The (1997)",tt0118972,Action|Crime|Drama|Thriller
246,Chasing Amy (1997),tt0118842,Comedy|Drama|Romance
247,Turbo: A Power Rangers Movie (1997),tt0120389,Action|Adventure|Family|Fantasy|Sci-Fi|Thriller
248,Grosse Pointe Blank (1997),tt0119229,Action|Comedy|Crime|Romance|Thriller
249,Austin Powers: International Man of Mystery (1997),tt0118655,Adventure|Comedy
250,"Fifth Element, The (1997)",tt0119116,Action|Adventure|Sci-Fi
251,Shall We Dance? (1996),,
252,"Lost World: Jurassic Park, The (1997)",tt0119567,Action|Adventure|Sci-Fi
253,"Pillow Book, The (1995)",tt0114134,Drama
254,Batman & Robin (1997),tt0118688,Action|Sci-Fi
255,My Best Friend's Wedding (1997),tt0119738,Comedy|Drama|Romance
256,When the Cats Away (Chacun cherche son chat) (1996),,
257,Men in Black (1997),tt0119654,Action|Adventure|Comedy|Sci-Fi
258,Contact (1997),tt0118884,Drama|Mystery|Sci-Fi|Thriller
259,George of the Jungle (1997),tt0119190,Action|Adventure|Comedy|Family|Romance
260,Event Horizon (1997),tt0119081,Horror|Sci-Fi|Thriller
261,Air Bud (1997),tt0118570,Comedy|Drama|Family|Sport
262,In the Company of Men (1997),tt0119361,Comedy|Drama
263,Steel (1997),tt0120207,Action|Adventure|Crime|Fantasy|Sci-Fi
264,Mimic (1997),tt0119675,Horror|Sci-Fi
265,"Hunt for Red October, The (1990)",tt0099810,Action|Adventure|Thriller
266,Kull the Conqueror (1997),tt0119484,Action|Adventure|Fantasy
267,unknown,,
268,Chasing Amy (1997),tt0118842,Comedy|Drama|Romance
269,"Full Monty, The (1997)",tt0119164,Comedy|Drama
270,Gattaca (1997),tt0119177,Drama|Sci-Fi|Thriller
271,Starship Troopers (1997),tt0120201,Action|Adventure|Sci-Fi|Thriller
272,Good Will Hunting (1997),tt0119217,Drama|Romance
273,Heat (1995),tt0113277,Action|Crime|Drama
274,Sabrina (1995),tt0114319,Comedy|Drama|Romance
275,Sense and Sensibility (1995),tt0114388,Drama|Romance
276,Leaving Las Vegas (1995),tt0113627,Drama|Romance
277,Restoration (1995),tt0114272,Biography|Drama|History|Romance
278,Bed of Roses (1996),tt0115644,Drama|Romance
279,Once Upon a Time... When We Were Colored (1995),tt0114039,Drama|Romance
280,Up Close and Personal (1996),tt0118055,Drama|Romance
281,"River Wild, The (1994)",tt0110997,Adventure|Crime|Thriller
282,"Time to Kill, A (1996)",tt0117913,Crime|Drama|Thriller
283,Emma (1996),tt0116191,Comedy|Drama|Romance
284,Tin Cup (1996),tt0117918,Comedy|Drama|Romance|Sport
285,Secrets & Lies (1996),tt0117589,Comedy|Drama
286,"English Patient, The (1996)",tt0116209,Drama|Romance|War
287,Marvin's Room (1996),tt0116999,Drama
288,Scream (1996),tt0117571,Horror|Mystery
289,Evita (1996),tt0116250,Biography|Drama|History|Musical
290,Fierce Creatures (1997),tt0119115,Comedy
291,Absolute Power (1997),tt0118548,Action|Crime|Drama|Thriller
292,Rosewood (1997),tt0120036,Action|Drama|History
293,Donnie Brasco (1997),tt0119008,Biography|Crime|Drama
294,Liar Liar (1997),tt0119528,Comedy|Fantasy
295,Breakdown (1997),tt0118771,Crime|Drama|Mystery|Thriller
296,"Promesse, La (1996)",,
297,Ulee's Gold (1997),tt0120402,Drama
298,Face/Off (1997),tt0119094,Action|Crime|Sci-Fi|Thriller
299,Hoodlum (1997),tt0119311,Crime|Drama
300,Air Force One (1997),tt0118571,Action|Drama|Thriller
301,In & Out (1997),tt0119360,Comedy|Romance
302,L.A. Confidential (1997),tt0119488,Crime|Drama|Mystery|Thriller
303,Ulee's Gold (1997),tt0120402,Drama
304,Fly Away Home (1996),tt0116329,Adventure|Drama|Family
305,"Ice Storm, The (1997)",tt0119349,Drama
306,"Mrs. Brown (Her Majesty, Mrs. Brown) (1997)",tt0119280,Biography|Drama|History|Romance
307,"Devil's Advocate, The (1997)",,
308,FairyTale: A True Story (1997),tt0119095,Drama|Family|Fantasy|Mystery
309,Deceiver (1997),tt0119527,Crime|Drama|Mystery|Thriller
310,"Rainmaker, The (1997)",tt0119978,Crime|Drama|Thriller
311,"Wings of the Dove, The (1997)",tt0120520,Drama|Romance
312,Midnight in the Garden of Good and Evil (1997),tt0119668,Crime|Drama|Mystery|Thriller
313,Titanic (1997),tt0120338,Drama|Romance
314,3 Ninjas: High Noon At Mega Mountain (1998),,
315,Apt Pupil (1998),tt0118636,Crime|Drama|Thriller
316,As Good As It Gets (1997),tt0119822,Comedy|Drama|Romance
317,In the Name of the Father (1993),tt0107207,Biography|Crime|Drama
318,Schindler's List (1993),tt0108052,Biography|Drama|History
319,Everyone Says I Love You (1996),tt0116242,Comedy|Musical|Romance
320,Paradise Lost: The Child Murders at Robin Hood Hills (1996),tt0117293,Documentary|Crime
321,Mother (1996),tt0117091,Comedy|Drama
322,Murder at 1600 (1997),tt0119731,Action|Crime|Drama|Mystery|Thriller
323,Dante's Peak (1997),tt0118928,Action|Adventure|Thriller
324,Lost Highway (1997),tt0116922,Mystery|Thriller
325,Crash (1996),tt0115964,Drama
326,G.I. Jane (1997),tt0119173,Action|Drama|War
327,Cop Land (1997),tt0118887,Crime|Drama|Thriller
328,Conspiracy Theory (1997),tt0118883,Action|Mystery|Thriller
329,Desperate Measures (1998),tt0118966,Action|Crime|Drama|Thriller
330,187 (1997),tt0118531,Drama|Thriller
331,"Edge, The (1997)",tt0119051,Action|Adventure|Drama|Thriller
332,Kiss the Girls (1997),tt0119468,Crime|Drama|Mystery|Thriller
333,"Game, The (1997)",tt0119174,Drama|Mystery|Thriller
334,U Turn (1997),tt0120399,Crime|Drama|Thriller
335,How to Be a Player (1997),tt0119326,Comedy
336,Playing God (1997),tt0119906,Crime|Drama|Thriller
337,"House of Yes, The (1997)",tt0119324,Comedy|Drama
338,Bean (1997),tt0118689,Adventure|Comedy|Family
339,Mad City (1997),tt0119592,Crime|Drama|Thriller
340,Boogie Nights (1997),tt0118749,Drama
341,Critical Care (1997),tt0118901,Comedy|Drama
342,"Man Who Knew Too Little, The (1997)",tt0120483,Comedy|Crime|Drama
343,Alien: Resurrection (1997),tt0118583,Action|Horror|Sci-Fi
344,"Apostle, The (1997)",tt0118632,Drama
345,Deconstructing Harry (1997),tt0118954,Comedy
346,Jackie Brown (1997),tt0119396,Crime|Drama|Thriller
347,Wag the Dog (1997),tt0120885,Comedy|Drama
348,Desperate Measures (1998),tt0118966,Action|Crime|Drama|Thriller
349,Hard Rain (1998),tt0120696,Action|Crime|Drama|Thriller
350,Fallen (1998),tt0119099,Action|Crime|Drama|Fantasy|Mystery|Thriller
351,"Prophecy II, The (1998)",tt0118643,Fantasy|Horror|Thriller
352,Spice World (1997),tt0120185,Comedy|Family|Music
353,Deep Rising (1998),tt0118956,Action|Adventure|Horror|Sci-Fi
354,"Wedding Singer, The (1998)",tt0120888,Comedy|Music|Romance
355,Sphere (1998),tt0120184,Action|Mystery|Sci-Fi|Thriller
356,"Client, The (1994)",tt0109446,Crime|Drama|Mystery|Thriller
357,One Flew Over the Cuckoo's Nest (1975),tt0073486,Drama
358,Spawn (1997),tt0120177,Action|Drama|Horror
359,"Assignment, The (1997)",tt0118647,Action|Crime|Thriller
360,Wonderland (1997),tt0120529,Documentary
361,Incognito (1997),tt0119365,Crime|Romance|Thriller
362,Blues Brothers 2000 (1998),tt0118747,Action|Comedy|Crime|Music|Musical
363,Sudden Death (1995),tt0114576,Action|Crime|Thriller
364,Ace Ventura: When Nature Calls (1995),tt0112281,Adventure|Comedy|Crime
365,Powder (1995),tt0114168,Drama|Fantasy|Mystery|Thriller
366,Dangerous Minds (1995),tt0112792,Biography|Drama
367,Clueless (1995),tt0112697,Comedy|Romance
368,Bio-Dome (1996),tt0115683,Comedy
369,Black Sheep (1996),tt0115697,Comedy
370,Mary Reilly (1996),tt0117002,Drama|Horror|Romance|Thriller
371,"Bridges of Madison County, The (1995)",tt0112579,Drama|Romance
372,Jeffrey (1995),tt0113464,Comedy|Drama
373,Judge Dredd (1995),tt0113492,Action|Crime|Sci-Fi|Thriller
374,Mighty Morphin Power Rangers: The Movie (1995),tt0113820,Action|Adventure|Family|Sci-Fi|Thriller
375,Showgirls (1995),tt0114436,Drama
376,Houseguest (1994),tt0110066,Comedy
377,Heavyweights (1994),,
378,Miracle on 34th Street (1994),tt0110527,Family|Fantasy
379,Tales From the Crypt Presents: Demon Knight (1995),tt0114608,Action|Fantasy|Horror|Thriller
380,Star Trek: Generations (1994),tt0111280,Action|Adventure|Mystery|Sci-Fi|Thriller
381,Muriel's Wedding (1994),tt0110598,Comedy|Drama
382,"Adventures of Priscilla, Queen of the Desert, The (1994)",tt0109045,Comedy|Music
383,"Flintstones, The (1994)",tt0109813,Comedy|Family|Fantasy
384,Naked Gun 33 1/3: The Final Insult (1994),tt0110622,Comedy|Crime
385,True Lies (1994),tt0111503,Action|Comedy|Thriller
386,Addams Family Values (1993),tt0106220,Comedy|Fantasy
387,"Age of Innocence, The (1993)",tt0106226,Drama|Romance
388,Beverly Hills Cop III (1994),tt0109254,Action|Comedy|Crime|Thriller
389,Black Beauty (1994),tt0109279,Adventure|Drama|Family|Romance
390,Fear of a Black Hat (1993),tt0106880,Comedy|Music
391,Last Action Hero (1993),tt0107362,Action|Adventure|Comedy|Fantasy
392,"Man Without a Face, The (1993)",tt0107501,Drama
393,Mrs. Doubtfire (1993),tt0107614,Comedy|Drama
394,Radioland Murders (1994),tt0110939,Comedy|Crime|Drama|Musical|Mystery|Romance
395,Robin Hood: Men in Tights (1993),tt0107977,Adventure|Comedy|Musical|Romance
396,Serial Mom (1994),tt0111127,Comedy|Crime|Thriller
397,Striking Distance (1993),tt0108238,Action|Crime|Mystery|Thriller
398,Super Mario Bros. (1993),tt0108255,Adventure|Comedy|Family|Fantasy|Sci-Fi
399,"Three Musketeers, The (1993)",tt0108333,Action|Adventure|Comedy|Family|Romance
400,"Little Rascals, The (1994)",tt0110366,Comedy|Family|Romance
401,"Brady Bunch Movie, The (1995)",tt0112572,Comedy
402,Ghost (1990),tt0099653,Drama|Fantasy|Romance|Thriller
403,Batman (1989),tt0096895,Action|Adventure
404,Pinocchio (1940),tt0032910,Animation|Adventure|Comedy|Family|Fantasy|Musical
405,Mission: Impossible (1996),tt0117060,Action|Adventure|Thriller
406,Thinner (1996),tt0117894,Fantasy|Horror
407,Spy Hard (1996),tt0117723,Action|Comedy
408,"Close Shave, A (1995)",,
409,Jack (1996),tt0116669,Comedy|Drama|Fantasy
410,Kingpin (1996),tt0116778,Comedy|Sport
411,"Nutty Professor, The (1996)",tt0117218,Comedy|Romance|Sci-Fi
412,"Very Brady Sequel, A (1996)",tt0118073,Comedy
413,Tales from the Crypt Presents: Bordello of Blood (1996),tt0117826,Comedy|Fantasy|Horror
414,My Favorite Year (1982),tt0084370,Comedy|Drama
415,"Apple Dumpling Gang, The (1975)",tt0072653,Comedy|Family|Western
416,Old Yeller (1957),tt0050798,Adventure|Drama|Family|Western
417,"Parent Trap, The (1961)",tt0055277,Comedy|Family|Romance
418,Cinderella (1950),tt0042332,Animation|Family|Fantasy|Musical|Romance
419,Mary Poppins (1964),tt0058331,Comedy|Family|Fantasy|Musical
420,Alice in Wonderland (1951),tt0043274,Animation|Adventure|Comedy|Family|Fantasy|Musical
421,William Shakespeare's Romeo and Juliet (1996),,
422,Aladdin and the King of Thieves (1996),tt0115491,Animation|Adventure|Comedy|Family|Fantasy|Musical|Romance
423,E.T. the Extra-Terrestrial (1982),tt0083866,Adventure|Family|Sci-Fi
424,Children of the Corn: The Gathering (1996),,
425,Bob Roberts (1992),tt0103850,Comedy|Drama
426,"Transformers: The Movie, The (1986)",,
427,To Kill a Mockingbird (1962),tt0056592,Crime|Drama
428,Harold and Maude (1971),tt0067185,Comedy|Drama|Romance
429,"Day the Earth Stood Still, The (1951)",tt0043456,Drama|Sci-Fi
430,Duck Soup (1933),tt0023969,Comedy|Musical
431,Highlander (1986),tt0091203,Action|Adventure|Fantasy
432,Fantasia (1940),tt0032455,Animation|Family|Fantasy|Music|Musical
433,Heathers (1989),tt0097493,Comedy|Crime
434,Forbidden Planet (1956),tt0049223,Adventure|Sci-Fi
435,Butch Cassidy and the Sundance Kid (1969),tt0064115,Biography|Crime|Drama|Western
436,"American Werewolf in London, An (1981)",tt0082010,Comedy|Horror
437,Amityville 1992: It's About Time (1992),tt0103678,Horror
438,Amityville 3-D (1983),tt0085159,Horror
439,Amityville: A New Generation (1993),tt0106262,Horror
440,Amityville II: The Possession (1982),tt0083550,Horror
441,"Amityville Horror, The (1979)",tt0078767,Horror
442,"Amityville Curse, The (1990)",tt0099030,Horror
443,"Birds, The (1963)",tt0056869,Drama|Horror|Mystery|Romance
444,"Blob, The (1958)",tt0051418,Horror|Sci-Fi
445,"Body Snatcher, The (1945)",tt0037549,Horror|Thriller
446,Burnt Offerings (1976),tt0074258,Horror|Mystery|Thriller
447,Carrie (1976),tt0074285,Horror|Mystery
448,"Omen, The (1976)",tt0075005,Horror|Mystery
449,Star Trek: The Motion Picture (1979),tt0079945,Adventure|Mystery|Sci-Fi
450,Star Trek V: The Final Frontier (1989),tt0098382,Action|Adventure|Fantasy|Sci-Fi|Thriller
451,Grease (1978),tt0077631,Comedy|Musical|Romance
452,Jaws 2 (1978),tt0077766,Adventure|Horror|Thriller
453,Jaws 3-D (1983),tt0085750,Adventure|Horror|Thriller
454,Bastard Out of Carolina (1996),tt0115633,Drama
455,Jackie Chan's First Strike (1996),,
456,Beverly Hills Ninja (1997),tt0118708,Action|Comedy
457,Free Willy 3: The Rescue (1997),tt0119152,Adventure|Drama|Family
458,Nixon (1995),tt0113987,Biography|Drama|History
459,"Cry, the Beloved Country (1995)",tt0112749,Drama|Thriller
460,"Crossing Guard, The (1995)",tt0112744,Drama|Thriller
461,Smoke (1995),tt0114478,Comedy|Drama
462,Like Water For Chocolate (Como agua para chocolate) (1992),tt0103994,Drama|Romance
463,"Secret of Roan Inish, The (1994)",tt0111112,Drama|Family|Fantasy|Mystery
464,Vanya on 42nd Street (1994),tt0111590,Comedy|Drama|Romance
465,"Jungle Book, The (1994)",tt0110213,Adventure|Family|Romance
466,Red Rock West (1992),tt0105226,Crime|Drama|Thriller
467,"Bronx Tale, A (1993)",tt0106489,Crime|Drama
468,Rudy (1993),tt0108002,Biography|Drama|Sport
469,Short Cuts (1993),tt0108122,Comedy|Drama
470,Tombstone (1993),tt0108358,Biography|Drama|History|Western
471,Courage Under Fire (1996),tt0115956,Action|Drama|Mystery|Thriller|War
472,Dragonheart (1996),tt0116136,Action|Adventure|Fantasy
473,James and the Giant Peach (1996),tt0116683,Animation|Adventure|Family|Fantasy|Musical
474,Dr. Strangelove or: How I Learned to Stop Worrying and Love the Bomb (1963),tt0057012,Comedy|War
475,Trainspotting (1996),tt0117951,Drama
476,"First Wives Club, The (1996)",tt0116313,Comedy
477,Matilda (1996),tt0117008,Comedy|Family|Fantasy
478,"Philadelphia Story, The (1940)",tt0032904,Comedy|Romance
479,Vertigo (1958),tt0052357,Mystery|Romance|Thriller
480,North by Northwest (1959),tt0053125,Action|Adventure|Mystery|Thriller
481,"Apartment, The (1960)",tt0053604,Comedy|Drama|Romance
482,Some Like It Hot (1959),tt0053291,Comedy|Music|Romance
483,Casablanca (1942),tt0034583,Drama|Romance|War
484,"Maltese Falcon, The (1941)",tt0033870,Crime|Film-Noir|Mystery|Romance
485,My Fair Lady (1964),tt0058385,Drama|Family|Musical|Romance
486,Sabrina (1954),tt0047437,Comedy|Drama|Romance
487,Roman Holiday (1953),tt0046250,Comedy|Romance
488,Sunset Blvd. (1950),tt0043014,Drama|Film-Noir
489,Notorious (1946),tt0038787,Drama|Film-Noir|Romance|Thriller
490,To Catch a Thief (1955),tt0048728,Mystery|Romance|Thriller
491,"Adventures of Robin Hood, The (1938)",tt0029843,Action|Adventure|Romance
492,East of Eden (1955),tt0048028,Drama
493,"Thin Man, The (1934)",tt0025878,Comedy|Mystery
494,His Girl Friday (1940),tt0032599,Comedy|Drama|Romance
495,Around the World in 80 Days (1956),tt0048960,Adventure|Comedy|Family|Romance
496,It's a Wonderful Life (1946),tt0038650,Drama|Family|Fantasy|Romance
497,Bringing Up Baby (1938),tt0029947,Comedy
498,"African Queen, The (1951)",tt0043265,Adventure|Drama|Romance|War
499,Cat on a Hot Tin Roof (1958),tt0051459,Drama
500,Fly Away Home (1996),tt0116329,Adventure|Drama|Family
501,Dumbo (1941),tt0033563,Animation|Adventure|Drama|Family|Fantasy|Musical
502,Bananas (1971),tt0066808,Comedy
503,"Candidate, The (1972)",tt0068334,Comedy|Drama
504,Bonnie and Clyde (1967),tt0061418,Action|Biography|Crime|Drama
505,Dial M for Murder (1954),tt0046912,Crime|Thriller
506,Rebel Without a Cause (1955),tt0048545,Drama
507,"Streetcar Named Desire, A (1951)",tt0044081,Drama
508,"People vs. Larry Flynt, The (1996)",tt0117318,Biography|Drama
509,My Left Foot (1989),tt0097937,Biography|Drama
510,"Magnificent Seven, The (1954)",tt0054047,Action|Adventure|Western
511,Lawrence of Arabia (1962),tt0056172,Adventure|Biography|Drama|War
512,Wings of Desire (1987),tt0093191,Drama|Fantasy|Romance
513,"Third Man, The (1949)",tt0041959,Film-Noir|Mystery|Thriller
514,Annie Hall (1977),tt0075686,Comedy|Romance
515,"Boot, Das (1981)",tt0082096,Drama|War
516,Local Hero (1983),tt0085859,Comedy|Drama
517,Manhattan (1979),tt0079522,Comedy|Drama|Romance
518,Miller's Crossing (1990),tt0100150,Crime|Drama|Thriller
519,"Treasure of the Sierra Madre, The (1948)",tt0040897,Adventure|Drama|Western
520,"Great Escape, The (1963)",tt0057115,Adventure|Drama|History|Thriller|War
521,"Deer Hunter, The (1978)",tt0077416,Drama|War
522,Down by Law (1986),tt0090967,Comedy|Crime|Drama
523,Cool Hand Luke (1967),tt0061512,Crime|Drama
524,"Great Dictator, The (1940)",tt0032553,Comedy|Drama|War
525,"Big Sleep, The (1946)",tt0038355,Crime|Film-Noir|Mystery|Thriller
526,Ben-Hur (1959),tt0052618,Adventure|Drama|History
527,Gandhi (1982),tt0083987,Biography|Drama
528,"Killing Fields, The (1984)",tt0087553,Biography|Drama|History|War
529,My Life as a Dog (Mitt liv som hund) (1985),tt0089606,Drama|Comedy
530,"Man Who Would Be King, The (1975)",tt0073341,Adventure|History|War
531,Shine (1996),tt0117631,Biography|Drama|Music|Romance
532,Kama Sutra: A Tale of Love (1996),tt0116743,Crime|Drama|History|Romance
533,"Daytrippers, The (1996)",tt0116041,Comedy|Drama
534,Traveller (1997),tt0120366,Crime|Drama|Romance
535,Addicted to Love (1997),tt0118556,Comedy|Romance
536,Ponette (1996),tt0117359,Drama
537,My Own Private Idaho (1991),tt0102494,Drama
538,Anastasia (1997),tt0118617,Animation|Adventure|Drama|Family|Fantasy|Musical|Mystery|Romance
539,Mouse Hunt (1997),tt0119715,Comedy
540,Money Train (1995),tt0113845,Action|Comedy|Crime|Drama|Thriller
541,Mortal Kombat (1995),tt0113855,Action|Adventure|Fantasy|Sci-Fi|Thriller
542,Pocahontas (1995),tt0114148,Animation|Adventure|Drama|Family|Musical|Romance
543,"Mis√©rables, Les (1995)",tt0113828,Drama|History
544,Things to Do in Denver when You're Dead (1995),tt0114660,Crime|Drama|Thriller
545,Vampire in Brooklyn (1995),tt0114825,Comedy|Fantasy|Horror|Romance
546,Broken Arrow (1996),tt0115759,Action|Adventure|Thriller
547,"Young Poisoner's Handbook, The (1995)",tt0115033,Crime|Drama
548,"NeverEnding Story III, The (1994)",tt0110647,Adventure|Comedy|Family|Fantasy
549,Rob Roy (1995),tt0114287,Adventure|Biography|Drama|History
550,Die Hard: With a Vengeance (1995),tt0112864,Action|Adventure|Thriller
551,Lord of Illusions (1995),tt0113690,Horror|Mystery|Thriller
552,Species (1995),tt0114508,Action|Horror|Sci-Fi|Thriller
553,"Walk in the Clouds, A (1995)",tt0114887,Drama|Romance
554,Waterworld (1995),tt0114898,Action|Adventure|Sci-Fi
555,White Man's Burden (1995),tt0114928,Drama|Thriller
556,Wild Bill (1995),tt0114938,Action|Biography|Western
557,Farinelli: il castrato (1994),tt0109771,Biography|Drama|Music
558,Heavenly Creatures (1994),tt0110005,Biography|Crime|Drama|Thriller
559,Interview with the Vampire (1994),tt0110148,Drama|Fantasy|Horror
560,"Kid in King Arthur's Court, A (1995)",tt0113538,Adventure|Comedy|Family|Fantasy|Romance
561,Mary Shelley's Frankenstein (1994),tt0109836,Drama|Horror|Romance|Sci-Fi
562,"Quick and the Dead, The (1995)",tt0114214,Action|Romance|Thriller|Western
563,Stephen King's The Langoliers (1995),,
564,Tales from the Hood (1995),tt0114609,Crime|Drama|Horror|Thriller
565,Village of the Damned (1995),tt0114852,Horror|Sci-Fi|Thriller
566,Clear and Present Danger (1994),tt0109444,Action|Crime|Drama|Thriller
567,Wes Craven's New Nightmare (1994),tt0111686,Fantasy|Horror|Mystery|Thriller
568,Speed (1994),tt0111257,Action|Adventure|Thriller
569,Wolf (1994),tt0111742,Drama|Horror|Romance|Thriller
570,Wyatt Earp (1994),tt0111756,Adventure|Biography|Drama|Western
571,Another Stakeout (1993),tt0106292,Comedy|Crime
572,Blown Away (1994),tt0109303,Action|Crime|Drama|Thriller
573,Body Snatchers (1993),tt0106452,Horror|Sci-Fi
574,Boxing Helena (1993),tt0106471,Drama|Mystery|Romance|Thriller
575,City Slickers II: The Legend of Curly's Gold (1994),tt0109439,Comedy|Western
576,Cliffhanger (1993),tt0106582,Action|Adventure|Thriller
577,Coneheads (1993),tt0106598,Comedy|Sci-Fi
578,Demolition Man (1993),tt0106697,Action|Sci-Fi|Thriller
579,Fatal Instinct (1993),tt0106873,Comedy|Crime|Thriller
580,"Englishman Who Went Up a Hill, But Came Down a Mountain, The (1995)",,
581,Kalifornia (1993),tt0107302,Crime|Drama|Thriller
582,"Piano, The (1993)",tt0107822,Drama|Music|Romance
583,Romeo Is Bleeding (1993),tt0107983,Crime|Drama|Romance
584,"Secret Garden, The (1993)",tt0108071,Drama|Family|Fantasy
585,Son in Law (1993),tt0108186,Comedy|Drama|Romance
586,Terminal Velocity (1994),tt0111400,Action|Mystery|Romance|Thriller
587,"Hour of the Pig, The (1993)",tt0107146,Crime|Drama|History|Mystery
588,Beauty and the Beast (1991),tt0101414,Animation|Family|Fantasy|Musical|Romance
589,"Wild Bunch, The (1969)",tt0065214,Action|Adventure|Western
590,Hellraiser: Bloodline (1996),tt0116514,Horror|Sci-Fi
591,Primal Fear (1996),tt0117381,Crime|Drama|Mystery|Thriller
592,True Crime (1995),tt0114736,Crime|Drama|Mystery|Thriller
593,Stalingrad (1993),tt0108211,Drama|War
594,Heavy (1995),tt0113280,Drama|Romance
595,"Fan, The (1996)",tt0116277,Action|Drama|Sport|Thriller
596,"Hunchback of Notre Dame, The (1996)",tt0116583,Animation|Drama|Family|Musical|Romance
597,Eraser (1996),tt0116213,Action|Crime|Thriller
598,"Big Squeeze, The (1996)",tt0115680,Comedy|Crime|Drama
599,Police Story 4: Project S (Chao ji ji hua) (1993),,
600,Daniel Defoe's Robinson Crusoe (1996),tt0117496,Adventure|Drama
601,For Whom the Bell Tolls (1943),tt0035896,Adventure|Drama|History|Romance|War
602,"American in Paris, An (1951)",tt0043278,Drama|Musical|Romance
603,Rear Window (1954),tt0047396,Mystery|Thriller
604,It Happened One Night (1934),tt0025316,Comedy|Romance
605,Meet Me in St. Louis (1944),tt0037059,Comedy|Drama|Family|Musical|Romance
606,All About Eve (1950),tt0042192,Drama
607,Rebecca (1940),tt0032976,Drama|Film-Noir|Mystery|Romance|Thriller
608,Spellbound (1945),tt0038109,Film-Noir|Mystery|Romance|Thriller
609,Father of the Bride (1950),tt0042451,Comedy|Romance
610,Gigi (1958),tt0051658,Comedy|Musical|Romance
611,Laura (1944),tt0037008,Drama|Film-Noir|Mystery
612,Lost Horizon (1937),tt0029162,Adventure|Drama|Fantasy|Mystery
613,My Man Godfrey (1936),tt0028010,Comedy|Drama|Romance
614,Giant (1956),tt0049261,Drama|Western
615,"39 Steps, The (1935)",tt0026029,Crime|Mystery|Thriller
616,Night of the Living Dead (1968),tt0063350,Horror|Thriller
617,"Blue Angel, The (Blaue Engel, Der) (1930)",tt0020697,Drama|Music
618,Picnic (1955),tt0048491,Drama|Romance
619,Extreme Measures (1996),tt0116259,Crime|Drama|Mystery|Thriller
620,"Chamber, The (1996)",tt0115862,Crime|Drama|Thriller
621,"Davy Crockett, King of the Wild Frontier (1955)",tt0047977,Adventure|Drama|Family|Western
622,Swiss Family Robinson (1960),tt0054357,Adventure|Family
623,Angels in the Outfield (1994),tt0109127,Comedy|Family|Fantasy|Sport
624,"Three Caballeros, The (1945)",tt0038166,Animation|Comedy|Family|Fantasy|Musical
625,"Sword in the Stone, The (1963)",tt0057546,Animation|Adventure|Comedy|Family|Fantasy|Musical
626,So Dear to My Heart (1949),tt0041890,Animation|Drama|Family|Musical
627,Robin Hood: Prince of Thieves (1991),tt0102798,Action|Adventure|Drama|Romance
628,Sleepers (1996),tt0117665,Crime|Drama|Thriller
629,Victor/Victoria (1982),tt0084865,Comedy|Music|Romance
630,"Great Race, The (1965)",tt0059243,Action|Adventure|Comedy|Family|Romance|Sport|Western
631,"Crying Game, The (1992)",tt0104036,Crime|Drama|Romance|Thriller
632,Sophie's Choice (1982),tt0084707,Drama|Romance
633,"Christmas Carol, A (1938)",tt0029992,Drama|Family|Fantasy
634,Microcosmos: Le peuple de l'herbe (1996),tt0117040,Documentary
635,"Fog, The (1980)",tt0080749,Horror|Thriller
636,Escape from New York (1981),tt0082340,Action|Adventure|Sci-Fi
637,"Howling, The (1981)",,
638,"Return of Martin Guerre, The (Retour de Martin Guerre, Le) (1982)",tt0084589,Biography|Crime|Drama|History|Mystery|Romance
639,"Tin Drum, The (Blechtrommel, Die) (1979)",tt0078875,Drama|War
640,"Cook the Thief His Wife & Her Lover, The (1989)",tt0097108,Crime|Drama
641,Paths of Glory (1957),tt0050825,Drama|War
642,"Grifters, The (1990)",tt0099703,Crime|Drama|Thriller
643,The Innocent (1994),,
644,"Thin Blue Line, The (1988)",tt0096257,Documentary|Crime
645,Paris Is Burning (1990),tt0100332,Documentary
646,Once Upon a Time in the West (1969),tt0064116,Western
647,Ran (1985),tt0089881,Action|Drama|War
648,"Quiet Man, The (1952)",tt0045061,Comedy|Drama|Romance
649,Once Upon a Time in America (1984),tt0087843,Crime|Drama
650,"Seventh Seal, The (Sjunde inseglet, Det) (1957)",tt0050976,Drama|Fantasy
651,Glory (1989),tt0097441,Biography|Drama|History|War
652,Rosencrantz and Guildenstern Are Dead (1990),tt0100519,Comedy|Drama
653,Touch of Evil (1958),tt0052311,Crime|Drama|Film-Noir|Thriller
654,Chinatown (1974),tt0071315,Drama|Mystery|Thriller
655,Stand by Me (1986),tt0092005,Adventure|Drama
656,M (1931),tt0022100,Crime|Mystery|Thriller
657,"Manchurian Candidate, The (1962)",tt0056218,Drama|Thriller
658,Pump Up the Volume (1990),tt0100436,Comedy|Drama|Music
659,Arsenic and Old Lace (1944),tt0036613,Comedy|Crime|Thriller
660,Fried Green Tomatoes (1991),tt0101921,Drama
661,High Noon (1952),tt0044706,Drama|Thriller|Western
662,Somewhere in Time (1980),tt0081534,Drama|Fantasy|Romance
663,Being There (1979),tt0078841,Comedy|Drama
664,"Paris, Texas (1984)",tt0087884,Drama
665,Alien 3 (1992),tt0103644,Action|Horror|Sci-Fi
666,Blood For Dracula (Andy Warhol's Dracula) (1974),tt0071233,Horror
667,Audrey Rose (1977),tt0075704,Drama|Fantasy|Horror|Thriller
668,Blood Beach (1981),tt0082083,Comedy|Horror|Sci-Fi
669,Body Parts (1991),tt0101492,Horror|Sci-Fi|Thriller
670,Body Snatchers (1993),tt0106452,Horror|Sci-Fi
671,Bride of Frankenstein (1935),tt0026138,Drama|Horror|Sci-Fi
672,Candyman (1992),tt0103919,Horror|Thriller
673,Cape Fear (1962),tt0055824,Drama|Thriller
674,Cat People (1982),tt0083722,Fantasy|Horror|Thriller
675,"Nosferatu (Nosferatu, eine Symphonie des Grauens) (1922)",tt0013442,Fantasy|Horror
676,"Crucible, The (1996)",tt0115988,Drama|History
677,Fire on the Mountain (1996),tt0116310,Documentary
678,Volcano (1997),tt0120461,Action|Drama|Sci-Fi|Thriller
679,Conan the Barbarian (1981),tt0082198,Action|Adventure|Fantasy
680,Kull the Conqueror (1997),tt0119484,Action|Adventure|Fantasy
681,Wishmaster (1997),tt0120524,Fantasy|Horror
682,I Know What You Did Last Summer (1997),tt0119345,Horror|Mystery
683,Rocket Man (1997),tt0120029,Comedy|Family|Sci-Fi
684,In the Line of Fire (1993),tt0107206,Action|Crime|Drama|Thriller
685,Executive Decision (1996),tt0116253,Action|Adventure|Thriller
686,"Perfect World, A (1993)",tt0107808,Crime|Drama|Thriller
687,McHale's Navy (1997),tt0119640,Action|Comedy
688,Leave It to Beaver (1997),tt0119509,Comedy|Family
689,"Jackal, The (1997)",tt0119395,Action|Crime|Drama|Thriller
690,Seven Years in Tibet (1997),tt0120102,Adventure|Biography|Drama|History|War
691,Dark City (1998),tt0118929,Fantasy|Mystery|Sci-Fi|Thriller
692,"American President, The (1995)",tt0112346,Comedy|Drama|Romance
693,Casino (1995),tt0112641,Crime|Drama
694,Persuasion (1995),tt0114117,Drama
695,Kicking and Screaming (1995),tt0113537,Comedy|Drama|Romance
696,City Hall (1996),tt0115907,Crime|Drama|Mystery|Thriller
697,"Basketball Diaries, The (1995)",tt0112461,Biography|Crime|Drama|Sport
698,"Browning Version, The (1994)",tt0109340,Drama
699,Little Women (1994),tt0110367,Drama|Family|Romance
700,Miami Rhapsody (1995),tt0113808,Comedy|Romance
701,"Wonderful, Horrible Life of Leni Riefenstahl, The (1993)",tt0107472,Documentary|Biography|History
702,Barcelona (1994),tt0109219,Comedy|Drama|Romance
703,Widows' Peak (1994),tt0111712,Comedy|Crime|Mystery|Thriller
704,"House of the Spirits, The (1993)",tt0107151,Drama|Romance
705,Singin' in the Rain (1952),tt0045152,Comedy|Musical|Romance
706,Bad Moon (1996),tt0115610,Horror|Thriller
707,Enchanted April (1991),tt0101811,Drama
708,"Sex, Lies, and Videotape (1989)",tt0098724,Drama
709,Strictly Ballroom (1992),tt0105488,Comedy|Drama|Music|Romance
710,Better Off Dead... (1985),tt0088794,Comedy|Romance
711,"Substance of Fire, The (1996)",tt0117773,Drama
712,Tin Men (1987),tt0094155,Comedy|Drama
713,Othello (1995),tt0114057,Drama|Romance
714,Carrington (1995),tt0112637,Biography|Drama|Romance
715,To Die For (1995),tt0114681,Comedy|Crime|Drama|Thriller
716,Home for the Holidays (1995),tt0113321,Comedy|Drama|Romance
717,"Juror, The (1996)",tt0116731,Crime|Drama|Thriller
718,In the Bleak Midwinter (1995),tt0113403,Comedy
719,Canadian Bacon (1994),tt0109370,Comedy
720,First Knight (1995),tt0113071,Action|Adventure|Drama|Romance
721,Mallrats (1995),tt0113749,Comedy|Romance
722,Nine Months (1995),tt0113986,Comedy|Romance
723,Boys on the Side (1995),tt0112571,Comedy|Drama
724,Circle of Friends (1995),tt0112679,Drama|Romance
725,Exit to Eden (1994),tt0109758,Comedy|Crime|Romance|Thriller
726,Fluke (1995),tt0113089,Drama|Family|Fantasy
727,Immortal Beloved (1994),tt0110116,Biography|Drama|Music|Romance
728,Junior (1994),tt0110216,Comedy|Romance|Sci-Fi
729,Nell (1994),tt0110638,Drama
730,"Queen Margot (Reine Margot, La) (1994)",tt0110963,Biography|Drama|History|Romance
731,"Corrina, Corrina (1994)",tt0109484,Comedy|Drama|Romance
732,Dave (1993),tt0106673,Comedy|Romance
733,Go Fish (1994),tt0109913,Comedy|Drama|Romance
734,Made in America (1993),tt0107478,Comedy
735,Philadelphia (1993),tt0107818,Drama
736,Shadowlands (1993),tt0108101,Biography|Drama|Romance
737,Sirens (1994),tt0111201,Comedy|Drama|Romance
738,Threesome (1994),tt0111418,Comedy|Drama|Romance
739,Pretty Woman (1990),tt0100405,Comedy|Romance
740,Jane Eyre (1996),tt0116684,Drama|Romance
741,"Last Supper, The (1995)",tt0113613,Comedy|Crime|Drama|Thriller
742,Ransom (1996),tt0117438,Action|Crime|Thriller
743,"Crow: City of Angels, The (1996)",tt0115986,Action|Crime|Fantasy|Horror|Thriller
744,Michael Collins (1996),tt0117039,Biography|Drama|Thriller|War
745,"Ruling Class, The (1972)",tt0069198,Comedy|Drama|Musical
746,Real Genius (1985),tt0089886,Comedy|Romance|Sci-Fi
747,Benny & Joon (1993),tt0106387,Comedy|Drama|Romance
748,"Saint, The (1997)",tt0120053,Action|Adventure|Romance|Sci-Fi|Thriller
749,"MatchMaker, The (1997)",tt0119632,Comedy|Romance
750,Amistad (1997),tt0118607,Biography|Drama|History
751,Tomorrow Never Dies (1997),tt0120347,Action|Adventure|Thriller
752,"Replacement Killers, The (1998)",tt0120008,Action|Crime|Thriller
753,Burnt By the Sun (1994),tt0111579,Drama|War
754,Red Corner (1997),tt0119994,Crime|Drama|Thriller
755,Jumanji (1995),tt0113497,Adventure|Comedy|Family|Fantasy
756,Father of the Bride Part II (1995),tt0113041,Comedy|Family|Romance
757,Across the Sea of Time (1995),tt0112286,Adventure|Drama|Family|History
758,Lawnmower Man 2: Beyond Cyberspace (1996),tt0116839,Action|Sci-Fi|Thriller
759,Fair Game (1995),tt0113010,Action|Romance|Thriller
760,Screamers (1995),tt0114367,Horror|Sci-Fi|Thriller
761,Nick of Time (1995),tt0113972,Action|Crime|Drama|Thriller
762,Beautiful Girls (1996),tt0115639,Comedy|Drama|Romance
763,Happy Gilmore (1996),tt0116483,Comedy|Sport
764,If Lucy Fell (1996),tt0116606,Comedy|Romance
765,Boomerang (1992),tt0103859,Comedy|Drama|Romance
766,Man of the Year (1995),tt0113756,Comedy|Romance
767,"Addiction, The (1995)",tt0112288,Drama|Horror
768,Casper (1995),tt0112642,Comedy|Family|Fantasy
769,Congo (1995),tt0112715,Action|Adventure|Mystery|Sci-Fi
770,Devil in a Blue Dress (1995),tt0112857,Crime|Drama|Mystery|Thriller
771,Johnny Mnemonic (1995),tt0113481,Action|Drama|Sci-Fi|Thriller
772,Kids (1995),tt0113540,Drama
773,Mute Witness (1994),tt0110604,Crime|Horror|Thriller
774,"Prophecy, The (1995)",tt0114194,Action|Crime|Drama|Fantasy|Horror|Mystery|Thriller
775,Something to Talk About (1995),tt0114496,Comedy|Drama|Romance
776,Three Wishes (1995),tt0114663,Drama|Family|Fantasy
777,Castle Freak (1995),tt0112643,Drama|Horror|Mystery|Thriller
778,Don Juan DeMarco (1995),tt0112883,Comedy|Drama|Romance
779,Drop Zone (1994),tt0109676,Action|Adventure|Thriller
780,Dumb & Dumber (1994),tt0109686,Comedy
781,French Kiss (1995),tt0113117,Comedy|Drama|Romance
782,Little Odessa (1994),tt0110365,Crime|Drama
783,Milk Money (1994),tt0110516,Comedy|Romance
784,Beyond Bedlam (1993),tt0106402,Comedy|Horror
785,Only You (1994),tt0110737,Comedy|Romance
786,"Perez Family, The (1995)",tt0114113,Comedy|Romance|Drama
787,Roommates (1995),tt0114296,Comedy|Drama
788,Relative Fear (1994),tt0110965,Drama|Horror|Thriller
789,Swimming with Sharks (1995),tt0114594,Comedy|Crime
790,Tommy Boy (1995),tt0114694,Adventure|Comedy
791,"Baby-Sitters Club, The (1995)",tt0112435,Comedy|Drama|Family
792,Bullets Over Broadway (1994),tt0109348,Comedy|Crime
793,Crooklyn (1994),tt0109504,Comedy|Drama
794,It Could Happen to You (1994),tt0110167,Comedy|Drama|Romance
795,Richie Rich (1994),tt0110989,Comedy|Family
796,Speechless (1994),tt0111256,Comedy|Romance
797,Timecop (1994),tt0111438,Action|Crime|Sci-Fi|Thriller
798,Bad Company (1995),tt0112443,Crime|Drama|Thriller
799,Boys Life (1995),tt0112570,Drama
800,In the Mouth of Madness (1995),tt0113409,Drama|Fantasy|Horror|Mystery|Thriller
801,"Air Up There, The (1994)",tt0109067,Comedy|Family|Sport
802,Hard Target (1993),tt0107076,Action|Crime|Thriller
803,Heaven & Earth (1993),tt0107096,Action|Biography|Drama|History|War
804,Jimmy Hollywood (1994),tt0110197,Crime|Comedy|Drama
805,Manhattan Murder Mystery (1993),tt0107507,Comedy|Mystery
806,Menace II Society (1993),tt0107554,Crime|Drama|Thriller
807,Poetic Justice (1993),tt0107840,Drama|Romance
808,"Program, The (1993)",tt0107889,Action|Drama|Romance|Sport
809,Rising Sun (1993),tt0107969,Action|Crime|Drama|Mystery|Thriller
810,"Shadow, The (1994)",tt0111143,Action|Adventure|Crime|Fantasy|Mystery|Thriller
811,Thirty-Two Short Films About Glenn Gould (1993),tt0108328,Biography|Drama|Music
812,Andre (1994),tt0109120,Adventure|Drama|Family
813,"Celluloid Closet, The (1995)",tt0112651,Documentary|History
814,"Great Day in Harlem, A (1994)",tt0109934,Documentary|Music
815,One Fine Day (1996),tt0117247,Comedy|Drama|Romance
816,Candyman: Farewell to the Flesh (1995),tt0112625,Horror|Thriller
817,Frisk (1995),tt0113122,Drama|Thriller
818,Girl 6 (1996),tt0116414,Comedy|Drama
819,Eddie (1996),tt0116168,Comedy|Sport
820,Space Jam (1996),tt0117705,Animation|Adventure|Comedy|Family|Fantasy|Sci-Fi|Sport
821,Mrs. Winterbourne (1996),tt0117104,Comedy|Drama|Romance
822,Faces (1968),tt0062952,Drama
823,Mulholland Falls (1996),tt0117107,Crime|Drama|Mystery|Thriller
824,"Great White Hype, The (1996)",tt0116448,Comedy|Sport
825,"Arrival, The (1996)",tt0115571,Mystery|Sci-Fi|Thriller
826,"Phantom, The (1996)",tt0117331,Action|Adventure|Comedy|Fantasy
827,Daylight (1996),tt0116040,Action|Adventure|Drama|Thriller
828,Alaska (1996),tt0115493,Adventure|Family
829,Fled (1996),tt0116320,Action|Adventure|Crime|Drama|Romance
830,Power 98 (1995),tt0114170,Action|Mystery|Thriller
831,Escape from L.A. (1996),tt0116225,Action|Adventure|Sci-Fi|Thriller
832,Bogus (1996),tt0115725,Comedy|Family|Fantasy
833,Bulletproof (1996),tt0115783,Action|Comedy|Crime
834,Halloween: The Curse of Michael Myers (1995),,
835,"Gay Divorcee, The (1934)",tt0025164,Comedy|Musical|Romance
836,Ninotchka (1939),tt0031725,Comedy|Romance
837,Meet John Doe (1941),tt0033891,Comedy|Drama|Romance
838,In the Line of Duty 2 (1987),tt0093229,Action|Comedy|Crime|Drama
839,Loch Ness (1995),tt0113682,Adventure|Drama|Fantasy|Mystery|Romance
840,Last Man Standing (1996),tt0116830,Action|Crime|Drama|Thriller
841,"Glimmer Man, The (1996)",tt0116421,Action|Comedy|Crime|Drama|Thriller
842,Pollyanna (1960),tt0054195,Comedy|Drama|Family
843,"Shaggy Dog, The (1959)",tt0053271,Comedy|Family|Fantasy
844,Freeway (1996),tt0116361,Crime|Drama|Thriller
845,That Thing You Do! (1996),tt0117887,Comedy|Drama|Music
846,To Gillian on Her 37th Birthday (1996),tt0117924,Drama|Fantasy|Romance
847,Looking for Richard (1996),tt0116913,Documentary|Drama
848,"Murder, My Sweet (1944)",tt0037101,Crime|Drama|Film-Noir|Mystery|Thriller
849,Days of Thunder (1990),tt0099371,Action|Drama|Sport
850,"Perfect Candidate, A (1996)",tt0117320,Documentary
851,Two or Three Things I Know About Her (1966),,
852,"Bloody Child, The (1996)",tt0115715,Crime|Drama
853,Braindead (1992),tt0103873,Comedy|Fantasy|Horror|Thriller
854,Bad Taste (1987),tt0092610,Comedy|Horror|Sci-Fi
855,Diva (1981),tt0082269,Comedy|Crime|Music|Romance|Thriller
856,Night on Earth (1991),tt0102536,Comedy|Drama
857,Paris Was a Woman (1995),tt0114093,Documentary
858,Amityville: Dollhouse (1996),tt0115535,Horror
859,April Fool's Day (1986),tt0090655,Horror|Mystery
860,"Believers, The (1987)",tt0092632,Crime|Drama|Horror|Mystery|Thriller
861,Nosferatu a Venezia (1986),tt0091651,Horror
862,Jingle All the Way (1996),tt0116705,Adventure|Comedy|Family
863,"Garden of Finzi-Contini, The (Giardino dei Finzi-Contini, Il) (1970)",,
864,My Fellow Americans (1996),tt0117119,Adventure|Comedy
865,"Ice Storm, The (1997)",tt0119349,Drama
866,Michael (1996),tt0117038,Comedy|Drama|Fantasy
867,"Whole Wide World, The (1996)",tt0118163,Biography|Drama|Romance
868,Hearts and Minds (1996),tt0116506,Drama|History|Thriller|War
869,Fools Rush In (1997),tt0119141,Comedy|Drama|Romance
870,Touch (1997),tt0120357,Comedy|Drama|Romance
871,Vegas Vacation (1997),tt0120434,Comedy
872,Love Jones (1997),tt0119572,Drama|Romance
873,Picture Perfect (1997),tt0119896,Comedy|Drama|Romance
874,Career Girls (1997),tt0118818,Comedy|Drama
875,She's So Lovely (1997),tt0120112,Drama|Romance
876,Money Talks (1997),tt0119695,Action|Comedy|Crime|Thriller
877,Excess Baggage (1997),tt0119086,Action|Comedy|Crime|Romance
878,That Darn Cat! (1997),,
879,"Peacemaker, The (1997)",tt0119874,Action|Thriller
880,Soul Food (1997),tt0120169,Comedy|Drama
881,Money Talks (1997),tt0119695,Action|Comedy|Crime|Thriller
882,Washington Square (1997),tt0120481,Drama|Romance
883,Telling Lies in America (1997),tt0120303,Drama|Music
884,Year of the Horse (1997),tt0120539,Documentary|Music
885,Phantoms (1998),tt0119891,Horror|Sci-Fi|Thriller
886,"Life Less Ordinary, A (1997)",tt0119535,Comedy|Crime|Fantasy|Romance
887,Eve's Bayou (1997),tt0119080,Drama
888,One Night Stand (1997),tt0119832,Drama|Romance
889,"Tango Lesson, The (1997)",tt0120275,Drama|Music|Romance
890,Mortal Kombat: Annihilation (1997),tt0119707,Action|Adventure|Fantasy|Sci-Fi|Thriller
891,Bent (1997),tt0118698,Drama|History|Romance|War
892,Flubber (1997),tt0119137,Comedy|Family|Sci-Fi
893,For Richer or Poorer (1997),tt0119142,Comedy
894,Home Alone 3 (1997),tt0119303,Action|Comedy|Crime|Family
895,Scream 2 (1997),tt0120082,Horror|Mystery
896,"Sweet Hereafter, The (1997)",tt0120255,Drama
897,Time Tracers (1995),tt0128755,Sci-Fi
898,"Postman, The (1997)",tt0119925,Action|Adventure|Drama|Sci-Fi
899,"Winter Guest, The (1997)",tt0120521,Drama
900,Kundun (1997),tt0119485,Biography|Drama|History|War
901,Mr. Magoo (1997),tt0119718,Adventure|Comedy|Family
902,"Big Lebowski, The (1998)",tt0118715,Comedy|Crime
903,Afterglow (1997),tt0118566,Comedy|Drama|Romance
904,Ma vie en rose (My Life in Pink) (1997),tt0119590,Drama
905,Great Expectations (1998),tt0119223,Drama|Romance
906,Oscar & Lucinda (1997),tt0119843,Drama|Romance
907,Vermin (1998),tt0120881,Comedy|Drama
908,Half Baked (1998),tt0120693,Comedy|Crime
909,Dangerous Beauty (1998),tt0118892,Biography|Drama|Romance
910,Nil By Mouth (1997),tt0119792,Drama
911,Twilight (1998),tt0119594,Crime|Drama|Mystery|Thriller
912,U.S. Marshalls (1998),,
913,Love and Death on Long Island (1997),tt0119574,Comedy|Drama
914,Wild Things (1998),tt0120890,Crime|Drama|Mystery|Thriller
915,Primary Colors (1998),tt0119942,Comedy|Drama
916,Lost in Space (1998),tt0120738,Action|Adventure|Family|Sci-Fi|Thriller
917,Mercury Rising (1998),tt0120749,Action|Crime|Drama|Thriller
918,City of Angels (1998),tt0120632,Drama|Fantasy|Romance
919,"City of Lost Children, The (1995)",tt0112682,Drama|Fantasy|Sci-Fi
920,Two Bits (1995),tt0114753,Drama
921,Farewell My Concubine (1993),tt0106332,Drama|Music|Romance
922,Dead Man (1995),tt0112817,Adventure|Drama|Fantasy|Western
923,Raise the Red Lantern (1991),tt0101640,Drama|History|Romance
924,White Squall (1996),tt0118158,Adventure|Drama
925,Unforgettable (1996),tt0118040,Drama|Mystery|Sci-Fi|Thriller
926,Down Periscope (1996),tt0116130,Comedy
927,"Flower of My Secret, The (Flor de mi secreto, La) (1995)",tt0113083,Comedy|Drama
928,"Craft, The (1996)",tt0115963,Drama|Fantasy|Horror|Thriller
929,Harriet the Spy (1996),tt0116493,Comedy|Drama|Family
930,Chain Reaction (1996),tt0115857,Action|Drama|Sci-Fi|Thriller
931,"Island of Dr. Moreau, The (1996)",tt0116654,Horror|Sci-Fi|Thriller
932,First Kid (1996),tt0116311,Comedy|Family
933,"Funeral, The (1996)",tt0116378,Crime|Drama
934,"Preacher's Wife, The (1996)",tt0117372,Comedy|Drama|Fantasy|Romance
935,Paradise Road (1997),tt0119859,Drama|History|War
936,Brassed Off (1996),tt0115744,Comedy|Drama|Music|Romance
937,"Thousand Acres, A (1997)",tt0120323,Drama
938,"Smile Like Yours, A (1997)",tt0120151,Comedy|Romance
939,Murder in the First (1995),tt0113870,Drama|Thriller
940,Airheads (1994),tt0109068,Comedy|Crime|Music
941,With Honors (1994),tt0111732,Comedy|Drama
942,What's Love Got to Do with It (1993),tt0108551,Biography|Drama|Music
943,Killing Zoe (1994),tt0110265,Crime|Thriller
944,Renaissance Man (1994),tt0110971,Comedy|Drama
945,Charade (1963),tt0056923,Comedy|Mystery|Romance|Thriller
946,"Fox and the Hound, The (1981)",tt0082406,Animation|Adventure|Drama|Family
947,"Big Blue, The (Grand bleu, Le) (1988)",tt0095250,Adventure|Drama|Sport
948,Booty Call (1997),tt0118750,Comedy|Romance
949,How to Make an American Quilt (1995),tt0113347,Comedy|Drama|Romance
950,Georgia (1995),tt0113158,Drama|Music
951,"Indian in the Cupboard, The (1995)",tt0113419,Drama|Family|Fantasy
952,Blue in the Face (1995),tt0112541,Comedy
953,Unstrung Heroes (1995),tt0114798,Comedy|Drama
954,Unzipped (1995),tt0114805,Documentary
955,Before Sunrise (1995),tt0112471,Drama|Romance
956,Nobody's Fool (1994),tt0110684,Comedy|Drama
957,Pushing Hands (1992),tt0105652,Comedy|Drama
958,To Live (Huozhe) (1994),tt0110081,Drama|War
959,Dazed and Confused (1993),tt0106677,Comedy
960,Naked (1993),tt0107653,Comedy|Drama
961,Orlando (1993),tt0107756,Biography|Drama|Fantasy|Romance
962,Ruby in Paradise (1993),tt0108000,Drama|Romance
963,Some Folks Call It a Sling Blade (1993),tt0108181,Short|Drama|Thriller
964,"Month by the Lake, A (1995)",tt0113849,Comedy|Drama|Romance
965,Funny Face (1957),tt0050419,Comedy|Musical|Romance
966,"Affair to Remember, An (1957)",tt0050105,Drama|Romance
967,Little Lord Fauntleroy (1936),tt0027893,Drama|Family
968,"Inspector General, The (1949)",tt0041509,Comedy|Musical|Romance
969,Winnie the Pooh and the Blustery Day (1968),tt0063819,Animation|Short|Comedy|Family|Musical
970,Hear My Song (1991),tt0102014,Comedy|Drama|Music
971,Mediterraneo (1991),tt0102426,Comedy|Drama|War
972,Passion Fish (1992),tt0105107,Drama
973,Grateful Dead (1995),tt0113212,Documentary|Short|Music
974,Eye for an Eye (1996),tt0116260,Crime|Drama|Thriller
975,Fear (1996),tt0116287,Drama|Thriller
976,Solo (1996),tt0117688,Action|Sci-Fi|Thriller
977,"Substitute, The (1996)",tt0117774,Action|Crime|Drama|Thriller
978,Heaven's Prisoners (1996),tt0116508,Drama|Mystery|Thriller
979,"Trigger Effect, The (1996)",tt0117965,Drama|Thriller
980,Mother Night (1996),tt0117093,Drama|Romance|War
981,Dangerous Ground (1997),tt0118927,Action|Crime|Drama|Thriller
982,Maximum Risk (1996),tt0117011,Action|Thriller
983,"Rich Man's Wife, The (1996)",tt0117473,Thriller
984,Shadow Conspiracy (1997),tt0120107,Action|Thriller
985,Blood & Wine (1997),tt0115710,Crime|Drama|Thriller
986,Turbulence (1997),tt0120390,Action|Thriller
987,Underworld (1997),tt0120414,Comedy|Thriller
988,"Beautician and the Beast, The (1997)",tt0118691,Comedy|Romance
989,Cats Don't Dance (1997),tt0118829,Animation|Comedy|Family|Fantasy|Musical
990,Anna Karenina (1997),tt0118623,Drama|Romance
991,Keys to Tulsa (1997),tt0116762,Crime|Drama|Thriller
992,Head Above Water (1996),tt0116502,Comedy|Thriller
993,Hercules (1997),tt0119282,Animation|Adventure|Comedy|Family|Fantasy|Musical|Romance
994,"Last Time I Committed Suicide, The (1997)",,
995,"Kiss Me, Guido (1997)",tt0119465,Comedy
996,"Big Green, The (1995)",tt0112499,Comedy|Family|Sport
997,Stuart Saves His Family (1995),tt0114571,Comedy|Drama
998,Cabin Boy (1994),tt0109361,Adventure|Comedy|Romance
999,Clean Slate (1994),tt0109443,Comedy|Mystery
1000,Lightning Jack (1994),tt0110353,Comedy|Western
1001,"Stupids, The (1996)",tt0117768,Adventure|Comedy
1002,"Pest, The (1997)",tt0119887,Comedy
1003,That Darn Cat! (1997),,
1004,Geronimo: An American Legend (1993),tt0107004,Drama|History|Western
1005,"Double vie de V√©ronique, La (Double Life of Veronique, The) (1991)",,
1006,Until the End of the World (Bis ans Ende der Welt) (1991),tt0101458,Action|Drama|Sci-Fi|Thriller
1007,Waiting for Guffman (1996),tt0118111,Comedy
1008,I Shot Andy Warhol (1996),tt0116594,Biography|Drama
1009,Stealing Beauty (1996),tt0117737,Drama|Mystery|Romance
1010,Basquiat (1996),tt0115632,Biography|Drama
1011,2 Days in the Valley (1996),tt0115438,Comedy|Crime|Thriller
1012,Private Parts (1997),tt0119951,Biography|Comedy|Drama
1013,Anaconda (1997),tt0118615,Action|Adventure|Horror|Thriller
1014,Romy and Michele's High School Reunion (1997),tt0120032,Comedy
1015,Shiloh (1997),tt0120118,Drama|Family
1016,Con Air (1997),tt0118880,Action|Crime|Thriller
1017,Trees Lounge (1996),tt0117958,Comedy|Drama
1018,Tie Me Up! Tie Me Down! (1990),tt0101026,Comedy|Crime|Drama|Romance
1019,"Die xue shuang xiong (Killer, The) (1989)",,
1020,Gaslight (1944),tt0036855,Crime|Drama|Mystery|Romance|Thriller
1021,8 1/2 (1963),tt0056801,Drama
1022,"Fast, Cheap & Out of Control (1997)",tt0119107,Documentary
1023,Fathers' Day (1997),tt0119109,Comedy|Romance
1024,Mrs. Dalloway (1997),tt0119723,Drama|Romance
1025,Fire Down Below (1997),tt0119123,Action|Drama|Thriller
1026,"Lay of the Land, The (1997)",tt0123953,Comedy|Drama
1027,"Shooter, The (1995)",,
1028,Grumpier Old Men (1995),tt0113228,Comedy|Romance
1029,Jury Duty (1995),tt0113500,Comedy
1030,"Beverly Hillbillies, The (1993)",tt0106400,Comedy|Family
1031,Lassie (1994),tt0110305,Family|Adventure
1032,Little Big League (1994),tt0110363,Comedy|Family|Sport
1033,Homeward Bound II: Lost in San Francisco (1996),tt0116552,Adventure|Comedy|Family|Romance
1034,"Quest, The (1996)",tt0117420,Action|Adventure|Drama|Thriller
1035,Cool Runnings (1993),tt0106611,Adventure|Comedy|Family|History|Sport
1036,Drop Dead Fred (1991),tt0101775,Comedy|Drama|Fantasy
1037,Grease 2 (1982),tt0084021,Comedy|Music|Musical|Romance
1038,Switchback (1997),tt0119210,Crime|Mystery|Thriller
1039,Hamlet (1996),tt0116477,Drama
1040,Two if by Sea (1996),tt0118002,Comedy|Crime|Romance
1041,Forget Paris (1995),tt0113097,Comedy|Romance
1042,Just Cause (1995),tt0113501,Action|Crime|Drama|Mystery|Thriller
1043,Rent-a-Kid (1995),tt0114268,Drama|Family|Comedy
1044,"Paper, The (1994)",tt0110771,Comedy|Drama
1045,Fearless (1993),tt0106881,Drama|Thriller
1046,Malice (1993),tt0107497,Crime|Mystery|Thriller
1047,Multiplicity (1996),tt0117108,Comedy|Romance|Sci-Fi
1048,She's the One (1996),tt0117628,Comedy|Drama|Romance
1049,House Arrest (1996),tt0116571,Comedy|Family
1050,"Ghost and Mrs. Muir, The (1947)",tt0039420,Comedy|Drama|Fantasy|Mystery|Romance|Thriller
1051,"Associate, The (1996)",tt0115580,Comedy
1052,Dracula: Dead and Loving It (1995),tt0112896,Comedy|Fantasy|Horror
1053,Now and Then (1995),tt0114011,Comedy|Drama|Romance
1054,Mr. Wrong (1996),tt0117102,Comedy
1055,"Simple Twist of Fate, A (1994)",tt0111194,Comedy|Drama
1056,Cronos (1992),tt0104029,Drama|Fantasy|Horror|Thriller
1057,"Pallbearer, The (1996)",tt0117283,Comedy|Romance
1058,"War, The (1994)",tt0111667,Drama
1059,Don't Be a Menace to South Central While Drinking Your Juice in the Hood (1996),tt0116126,Comedy|Crime
1060,"Adventures of Pinocchio, The (1996)",tt0115472,Adventure|Drama|Family|Fantasy|Musical
1061,"Evening Star, The (1996)",tt0116240,Comedy|Drama|Romance
1062,Four Days in September (1997),tt0119815,Action|Drama|History|Thriller
1063,"Little Princess, A (1995)",tt0113670,Drama|Family|Fantasy
1064,Crossfire (1947),tt0039286,Crime|Drama|Film-Noir|Mystery
1065,Koyaanisqatsi (1983),tt0085809,Documentary|Music
1066,Balto (1995),tt0112453,Animation|Adventure|Drama|Family|History
1067,Bottle Rocket (1996),tt0115734,Comedy|Crime|Drama
1068,"Star Maker, The (Uomo delle stelle, L') (1995)",tt0114808,Drama|Romance
1069,Amateur (1994),tt0109093,Comedy|Crime|Drama|Thriller
1070,Living in Oblivion (1995),tt0113677,Comedy|Drama
1071,Party Girl (1995),tt0114095,Comedy
1072,"Pyromaniac's Love Story, A (1995)",tt0114210,Comedy|Romance
1073,Shallow Grave (1994),tt0111149,Crime|Thriller
1074,Reality Bites (1994),tt0110950,Comedy|Drama|Romance
1075,"Man of No Importance, A (1994)",tt0110455,Comedy|Drama
1076,"Pagemaster, The (1994)",tt0110763,Animation|Adventure|Comedy|Family|Fantasy
1077,Love and a .45 (1994),tt0110395,Crime|Romance|Thriller
1078,Oliver & Company (1988),tt0095776,Animation|Adventure|Comedy|Family|Musical
1079,Joe's Apartment (1996),tt0116707,Comedy|Fantasy|Musical|Sci-Fi
1080,Celestial Clockwork (1994),tt0107537,Comedy
1081,Curdled (1996),tt0115994,Comedy|Crime|Thriller
1082,Female Perversions (1996),tt0116293,Drama|Fantasy|Thriller
1083,Albino Alligator (1996),tt0115495,Crime|Drama|Thriller
1084,Anne Frank Remembered (1995),tt0112373,Documentary|Biography|War
1085,Carried Away (1996),tt0115837,Drama|Romance
1086,It's My Party (1995),tt0113443,Drama|Romance
1087,Bloodsport 2 (1995),tt0112536,Action|Sport
1088,Double Team (1997),tt0119013,Action|Comedy|Sci-Fi|Thriller
1089,Speed 2: Cruise Control (1997),tt0120179,Action|Adventure|Crime|Romance|Thriller
1090,Sliver (1993),tt0108162,Drama|Thriller
1091,Pete's Dragon (1977),tt0076538,Animation|Adventure|Comedy|Family|Fantasy|Musical
1092,Dear God (1996),tt0116059,Comedy
1093,Live Nude Girls (1995),tt0113674,Comedy
1094,"Thin Line Between Love and Hate, A (1996)",tt0117891,Comedy|Crime|Drama|Romance|Thriller
1095,High School High (1996),tt0116531,Comedy|Crime|Romance
1096,Commandments (1997),tt0115927,Comedy|Drama|Romance
1097,"Hate (Haine, La) (1995)",tt0113247,Crime|Drama
1098,Flirting With Disaster (1996),tt0116324,Comedy
1099,"Red Firecracker, Green Firecracker (1994)",tt0110769,Drama|Romance
1100,What Happened Was... (1994),tt0111689,Comedy|Drama|Romance|Thriller
1101,Six Degrees of Separation (1993),tt0108149,Comedy|Drama|Mystery
1102,Two Much (1996),tt0118001,Comedy|Romance
1103,Trust (1990),tt0103130,Comedy|Drama
1104,C'est arriv√© pr√®s de chez vous (1992),tt0103905,Comedy|Crime|Drama
1105,Firestorm (1998),tt0120670,Action|Thriller
1106,"Newton Boys, The (1998)",tt0120769,Action|Crime|Drama|History|Western
1107,Beyond Rangoon (1995),tt0112495,Action|Adventure|Drama
1108,Feast of July (1995),tt0113044,Crime|Drama|Mystery|Romance
1109,Death and the Maiden (1994),tt0109579,Drama|Mystery|Thriller
1110,Tank Girl (1995),tt0114614,Action|Comedy|Sci-Fi
1111,Double Happiness (1994),tt0109655,Drama|Romance
1112,Cobb (1994),tt0109450,Biography|Drama|Sport
1113,Mrs. Parker and the Vicious Circle (1994),tt0110588,Biography|Drama
1114,Faithful (1996),tt0116269,Comedy|Crime|Drama
1115,Twelfth Night (1996),tt0117991,Comedy|Drama|Romance
1116,"Mark of Zorro, The (1940)",tt0032762,Action|Adventure|Family|Romance|Western
1117,Surviving Picasso (1996),tt0117791,Biography|Drama|Romance
1118,Up in Smoke (1978),tt0051143,Comedy|Family
1119,Some Kind of Wonderful (1987),tt0094006,Drama|Romance
1120,I'm Not Rappaport (1996),tt0116601,Comedy|Drama
1121,"Umbrellas of Cherbourg, The (Parapluies de Cherbourg, Les) (1964)",tt0058450,Drama|Musical|Romance
1122,They Made Me a Criminal (1939),tt0032022,Crime|Drama|Film-Noir|Sport
1123,"Last Time I Saw Paris, The (1954)",tt0047162,Drama|Romance
1124,"Farewell to Arms, A (1932)",tt0022879,Drama|Romance|War
1125,"Innocents, The (1961)",tt0055018,Horror
1126,"Old Man and the Sea, The (1958)",tt0052027,Adventure|Drama
1127,"Truman Show, The (1998)",tt0120382,Comedy|Drama
1128,Heidi Fleiss: Hollywood Madam (1995) ,,
1129,Chungking Express (1994),tt0109424,Comedy|Crime|Drama|Mystery|Romance
1130,Jupiter's Wife (1994),tt0110217,Documentary|Biography|Mystery
1131,Safe (1995),tt0114323,Drama
1132,Feeling Minnesota (1996),tt0116289,Comedy|Crime|Drama|Romance
1133,Escape to Witch Mountain (1975),tt0072951,Adventure|Family|Fantasy|Mystery|Sci-Fi
1134,Get on the Bus (1996),tt0116404,Adventure|Drama|History
1135,"Doors, The (1991)",tt0101761,Biography|Drama|Music
1136,Ghosts of Mississippi (1996),tt0116410,Drama|History
1137,Beautiful Thing (1996),tt0115640,Comedy|Drama|Romance
1138,Best Men (1997),tt0118702,Action|Comedy|Crime|Drama|Thriller
1139,Hackers (1995),tt0113243,Crime|Drama|Romance|Thriller
1140,"Road to Wellville, The (1994)",tt0111001,Comedy|Drama
1141,"War Room, The (1993)",tt0108515,Documentary|History
1142,When We Were Kings (1996),tt0118147,Documentary|Sport
1143,Hard Eight (1996),,
1144,"Quiet Room, The (1996)",tt0117422,Drama
1145,Blue Chips (1994),tt0109305,Drama|Sport
1146,Calendar Girl (1993),tt0106505,Comedy|Drama
1147,My Family (1995),tt0113896,Drama
1148,Tom & Viv (1994),tt0111454,Biography|Drama|Romance
1149,Walkabout (1971),tt0067959,Adventure|Drama
1150,Last Dance (1996),tt0116827,Drama|Thriller
1151,Original Gangstas (1996),tt0117260,Action|Crime|Drama|Thriller
1152,In Love and War (1996),tt0116621,Biography|Drama|Romance|War
1153,Backbeat (1993),tt0106339,Biography|Drama|Music|Romance
1154,Alphaville (1965),tt0058898,Drama|Mystery|Sci-Fi|Thriller
1155,"Rendezvous in Paris (Rendez-vous de Paris, Les) (1995)",tt0114266,Comedy|Romance
1156,Cyclo (1995),tt0112767,Crime|Drama
1157,"Relic, The (1997)",tt0120004,Horror|Mystery|Sci-Fi|Thriller
1158,"Fille seule, La (A Single Girl) (1995)",tt0113057,Drama
1159,Stalker (1979),tt0079944,Drama|Sci-Fi
1160,Love! Valour! Compassion! (1997),tt0119578,Comedy|Drama|Romance
1161,Palookaville (1996),tt0117284,Comedy|Crime
1162,Phat Beach (1996),tt0117332,Comedy
1163,"Portrait of a Lady, The (1996)",tt0117364,Drama|Romance
1164,Zeus and Roxanne (1997),tt0120550,Adventure|Comedy|Family|Romance
1165,Big Bully (1996),tt0115676,Comedy|Thriller
1166,Love & Human Remains (1993),tt0107447,Comedy|Drama
1167,"Sum of Us, The (1994)",tt0111309,Comedy|Drama
1168,Little Buddha (1993),tt0107426,Drama
1169,Fresh (1994),tt0109842,Crime|Drama|Thriller
1170,Spanking the Monkey (1994),tt0111252,Comedy|Drama
1171,Wild Reeds (1994),tt0111019,Drama
1172,"Women, The (1939)",tt0032143,Comedy|Drama
1173,Bliss (1997),tt0118742,Drama|Romance
1174,Caught (1996),tt0115847,Drama|Thriller
1175,Hugo Pool (1997),tt0119327,Comedy|Romance
1176,Welcome To Sarajevo (1997),tt0120490,Drama|War
1177,Dunston Checks In (1996),tt0116151,Adventure|Comedy|Family
1178,Major Payne (1994),tt0110443,Adventure|Comedy|Family
1179,Man of the House (1995),tt0113755,Comedy|Family
1180,I Love Trouble (1994),tt0110093,Action|Comedy|Romance|Thriller
1181,"Low Down Dirty Shame, A (1994)",tt0110399,Action|Comedy|Crime
1182,Cops and Robbersons (1994),tt0109480,Comedy|Crime|Thriller
1183,"Cowboy Way, The (1994)",tt0109493,Action|Comedy|Crime|Drama|Thriller|Western
1184,"Endless Summer 2, The (1994)",tt0109729,Documentary|Adventure|Sport
1185,In the Army Now (1994),tt0110123,Comedy|War
1186,"Inkwell, The (1994)",tt0110137,Comedy|Drama|Romance
1187,Switchblade Sisters (1975),tt0073778,Action|Crime|Drama
1188,Young Guns II (1990),tt0100994,Action|Western
1189,Prefontaine (1997),tt0119937,Biography|Drama|Romance|Sport
1190,That Old Feeling (1997),tt0120318,Comedy|Romance
1191,"Letter From Death Row, A (1998)",tt0119521,Crime|Drama|Mystery|Thriller
1192,"Boys of St. Vincent, The (1993)",tt0106473,Drama
1193,Before the Rain (Pred dozhdot) (1994),tt0110882,Drama|Romance|War
1194,Once Were Warriors (1994),tt0110729,Crime|Drama
1195,Strawberry and Chocolate (Fresa y chocolate) (1993),tt0106966,Comedy|Drama|Romance
1196,"Savage Nights (Nuits fauves, Les) (1992)",tt0105032,Biography|Drama
1197,"Family Thing, A (1996)",tt0116275,Comedy|Drama
1198,Purple Noon (1960),tt0054189,Crime|Drama|Thriller
1199,Cemetery Man (Dellamorte Dellamore) (1994),tt0109592,Comedy|Horror
1200,Kim (1950),tt0042644,Adventure|Drama|Family
1201,Marlene Dietrich: Shadow and Light (1996) ,tt0116992,Documentary
1202,"Maybe, Maybe Not (Bewegte Mann, Der) (1994)",tt0109255,Comedy
1203,Top Hat (1935),tt0027125,Comedy|Musical|Romance
1204,To Be or Not to Be (1942),tt0035446,Comedy|Romance|War
1205,"Secret Agent, The (1996)",tt0117582,Drama|Thriller
1206,Amos & Andrew (1993),tt0106266,Comedy|Crime
1207,Jade (1995),tt0113451,Crime|Drama|Thriller
1208,Kiss of Death (1995),tt0113552,Crime|Drama|Thriller
1209,Mixed Nuts (1994),tt0110538,Comedy|Drama
1210,Virtuosity (1995),tt0114857,Action|Crime|Sci-Fi|Thriller
1211,Blue Sky (1994),tt0109306,Drama|Romance
1212,Flesh and Bone (1993),tt0106926,Drama|Mystery|Romance
1213,Guilty as Sin (1993),tt0107057,Crime|Drama|Thriller
1214,In the Realm of the Senses (Ai no corrida) (1976),tt0074102,Drama|Romance
1215,Barb Wire (1996),tt0115624,Action|Sci-Fi
1216,Kissed (1996),tt0116783,Drama|Romance
1217,Assassins (1995),tt0112401,Action|Crime|Thriller
1218,Friday (1995),tt0113118,Comedy|Drama
1219,"Goofy Movie, A (1995)",tt0113198,Animation|Adventure|Comedy|Family|Musical|Romance
1220,Higher Learning (1995),tt0113305,Crime|Drama|Thriller
1221,When a Man Loves a Woman (1994),tt0111693,Drama|Romance
1222,Judgment Night (1993),tt0107286,Action|Crime|Drama|Thriller
1223,King of the Hill (1993),tt0107322,Drama|History
1224,"Scout, The (1994)",tt0111094,Comedy|Drama|Sport
1225,Angus (1995),tt0112368,Comedy|Drama
1226,Night Falls on Manhattan (1997),tt0119783,Crime|Drama|Thriller
1227,"Awfully Big Adventure, An (1995)",tt0112427,Comedy|Drama|Romance
1228,Under Siege 2: Dark Territory (1995),tt0114781,Action|Adventure|Thriller
1229,Poison Ivy II (1995),tt0114151,Drama|Thriller
1230,Ready to Wear (Pret-A-Porter) (1994),tt0110907,Comedy|Drama
1231,Marked for Death (1990),tt0100114,Action|Crime|Drama|Thriller
1232,Madonna: Truth or Dare (1991),tt0102370,Documentary|Music
1233,N√©nette et Boni (1996),tt0117221,Drama
1234,Chairman of the Board (1998),tt0118836,Comedy
1235,"Big Bang Theory, The (1994)",,
1236,"Other Voices, Other Rooms (1997)",tt0119845,Drama
1237,Twisted (1996),tt0117994,Drama
1238,Full Speed (1996),tt0118230,Drama|Romance
1239,Cutthroat Island (1995),tt0112760,Action|Adventure|Comedy
1240,Ghost in the Shell (Kokaku kidotai) (1995),tt0113568,Animation|Action|Crime|Drama|Mystery|Sci-Fi|Thriller
1241,"Van, The (1996)",tt0118064,Comedy|Drama
1242,"Old Lady Who Walked in the Sea, The (Vieille qui marchait dans la mer, La) (1991)",tt0103207,Comedy|Crime|Drama|Romance
1243,Night Flier (1997),tt0119784,Fantasy|Horror|Mystery
1244,Metro (1997),tt0119664,Action|Comedy|Crime|Drama|Thriller
1245,Gridlock'd (1997),tt0119225,Comedy|Crime|Drama
1246,Bushwhacked (1995),tt0112602,Adventure|Comedy|Crime|Family|Mystery
1247,Bad Girls (1994),tt0109198,Action|Adventure|Romance|Western
1248,Blink (1994),tt0109297,Crime|Drama|Mystery|Thriller
1249,For Love or Money (1993),tt0106941,Comedy|Drama|Romance
1250,Best of the Best 3: No Turning Back (1995),tt0112483,Action|Crime|Drama|Thriller
1251,A Chef in Love (1996),,
1252,"Contempt (M√©pris, Le) (1963)",tt0057345,Drama|Romance
1253,"Tie That Binds, The (1995)",tt0114666,Crime|Drama|Thriller
1254,Gone Fishin' (1997),tt0119214,Comedy|Crime
1255,Broken English (1996),tt0115760,Drama|Romance
1256,"Designated Mourner, The (1997)",tt0118964,Drama
1257,"Designated Mourner, The (1997)",tt0118964,Drama
1258,Trial and Error (1997),tt0120373,Comedy|Romance
1259,Pie in the Sky (1995),tt0114131,Comedy|Romance
1260,Total Eclipse (1995),tt0114702,Biography|Drama|Romance
1261,"Run of the Country, The (1995)",tt0114307,Drama|Romance
1262,Walking and Talking (1996),tt0118113,Comedy|Drama|Romance
1263,Foxfire (1996),tt0116353,Drama|Romance
1264,Nothing to Lose (1994),tt0110693,Action|Crime|Drama|Mystery
1265,Star Maps (1997),tt0120197,Comedy|Drama
1266,Bread and Chocolate (Pane e cioccolata) (1973),tt0070506,Comedy|Drama
1267,Clockers (1995),tt0112688,Crime|Drama|Mystery
1268,Bitter Moon (1992),tt0104779,Drama|Romance|Thriller
1269,Love in the Afternoon (1957),tt0050658,Comedy|Crime|Drama|Romance
1270,Life with Mikey (1993),tt0107413,Comedy|Family
1271,North (1994),tt0110687,Adventure|Comedy|Drama|Family|Fantasy
1272,Talking About Sex (1994),tt0111357,Comedy|Drama|Romance
1273,Color of Night (1994),tt0109456,Drama|Mystery|Romance|Thriller
1274,Robocop 3 (1993),tt0107978,Action|Crime|Sci-Fi|Thriller
1275,Killer (Bulletproof Heart) (1994),tt0110259,Crime|Drama|Romance|Thriller
1276,Sunset Park (1996),tt0117784,Drama|Sport
1277,Set It Off (1996),tt0117603,Action|Crime|Drama|Romance|Thriller
1278,Selena (1997),tt0120094,Biography|Drama|Music
1279,Wild America (1997),tt0120512,Action|Adventure|Comedy|Family
1280,Gang Related (1997),tt0118900,Action|Crime|Drama|Romance|Thriller
1281,Manny & Lo (1996),tt0116985,Comedy|Drama
1282,"Grass Harp, The (1995)",tt0113211,Comedy|Drama
1283,Out to Sea (1997),tt0119848,Comedy|Romance
1284,Before and After (1996),tt0115645,Crime|Drama|Mystery
1285,Princess Caraboo (1994),tt0110892,Comedy|Drama|History|Mystery|Romance
1286,Shall We Dance? (1937),,
1287,Ed (1996),tt0116165,Comedy|Family|Sport
1288,Denise Calls Up (1995),tt0112844,Comedy
1289,Jack and Sarah (1995),tt0113448,Comedy|Drama|Romance
1290,Country Life (1994),tt0109491,Drama|Romance
1291,Celtic Pride (1996),tt0115851,Comedy|Sport
1292,"Simple Wish, A (1997)",tt0120133,Comedy|Family|Fantasy
1293,Star Kid (1997),tt0120478,Adventure|Family|Sci-Fi
1294,Ayn Rand: A Sense of Life (1997),tt0118662,Documentary|Biography
1295,Kicked in the Head (1997),tt0119457,Comedy|Crime|Drama|Romance
1296,Indian Summer (1996),tt0116631,Comedy|Drama|Romance
1297,Love Affair (1994),tt0110391,Comedy|Drama|Romance
1298,"Band Wagon, The (1953)",tt0045537,Comedy|Musical|Romance
1299,Penny Serenade (1941),tt0034012,Drama|Romance
1300,'Til There Was You (1997),tt0118523,Romance|Comedy
1301,Stripes (1981),tt0083131,Comedy|War
1302,Late Bloomers (1996),tt0116834,Comedy|Drama|Romance
1303,"Getaway, The (1994)",tt0109890,Action|Adventure|Crime|Drama|Thriller
1304,New York Cop (1996),tt0117169,Action|Crime|Drama
1305,National Lampoon's Senior Trip (1995),tt0113936,Adventure|Comedy
1306,Delta of Venus (1994),tt0109593,Drama
1307,Carmen Miranda: Bananas Is My Business (1994),tt0109381,Documentary|Biography|Music
1308,Babyfever (1994),tt0109191,Comedy|Drama
1309,"Very Natural Thing, A (1974)",tt0072362,Drama|Romance
1310,"Walk in the Sun, A (1945)",,
1311,Waiting to Exhale (1995),tt0114885,Comedy|Drama|Romance
1312,"Pompatus of Love, The (1996)",tt0117357,Comedy|Drama|Romance
1313,Palmetto (1998),tt0120782,Crime|Drama|Mystery|Romance|Thriller
1314,Surviving the Game (1994),tt0111323,Action|Adventure|Crime|Drama|Thriller
1315,Inventing the Abbotts (1997),tt0119381,Drama|Romance
1316,"Horse Whisperer, The (1998)",tt0119314,Drama|Romance|Western
1317,"Journey of August King, The (1995)",,
1318,Catwalk (1995),tt0112646,Documentary
1319,"Neon Bible, The (1995)",tt0113952,Drama
1320,Homage (1995),tt0113319,Drama|Thriller
1321,Open Season (1996),tt0114047,Comedy
1322,Metisse (Caf√© au Lait) (1993),,
1323,"Wooden Man's Bride, The (Wu Kui) (1994)",tt0111752,Drama|Romance
1324,Loaded (1994),tt0110374,Drama|Thriller|Mystery
1325,August (1996),tt0115591,Comedy|Drama|Romance
1326,Boys (1996),tt0115742,Drama|Mystery|Romance
1327,Captives (1994),tt0109374,Crime|Drama|Romance|Thriller
1328,Of Love and Shadows (1994),tt0110712,Drama|Romance|Thriller|War
1329,"Low Life, The (1994)",tt0110400,Drama
1330,An Unforgettable Summer (1994),,
1331,"Last Klezmer: Leopold Kozlowski, His Life and Music, The (1995)",tt0113610,Documentary|Music
1332,My Life and Times With Antonin Artaud (En compagnie d'Antonin Artaud) (1993),tt0106810,Biography|Drama
1333,Midnight Dancers (Sibak) (1994),tt0111180,Crime|Drama
1334,Somebody to Love (1994),tt0111237,Comedy|Drama
1335,American Buffalo (1996),tt0115530,Drama
1336,Kazaam (1996),tt0116756,Comedy|Family|Fantasy|Musical
1337,Larger Than Life (1996),tt0116823,Comedy|Family
1338,Two Deaths (1995),tt0117999,Drama|War
1339,Stefano Quantestorie (1993),tt0108220,Comedy|Drama
1340,"Crude Oasis, The (1995)",tt0112746,Drama|Romance|Thriller
1341,Hedd Wyn (1992),tt0104403,Drama|Romance|War
1342,"Convent, The (Convento, O) (1995)",tt0112716,Drama|Mystery
1343,Lotto Land (1995),tt0113695,Drama
1344,"Story of Xinghua, The (1993)",tt0108227,Drama|Romance
1345,"Day the Sun Turned Cold, The (Tianguo niezi) (1994)",tt0111424,Crime|Drama|Mystery
1346,Dingo (1992),tt0104109,Drama|Music
1347,"Ballad of Narayama, The (Narayama Bushiko) (1958)",tt0051980,Drama
1348,Every Other Weekend (1990),tt0100840,Drama
1349,Mille bolle blu (1993),tt0107575,Comedy|Romance
1350,Crows and Sparrows (1949),tt0042054,Drama
1351,Lover's Knot (1996),tt0116934,Comedy|Romance
1352,Shadow of Angels (Schatten der Engel) (1976),tt0075169,Drama
1353,1-900 (1994),tt0109001,Romance|Drama
1354,Venice/Venice (1992),tt0105729,Drama
1355,Infinity (1996),tt0116635,Biography|Drama
1356,Ed's Next Move (1996),tt0116167,Romance|Comedy
1357,For the Moment (1994),tt0109823,Romance|War|Drama
1358,The Deadly Cure (1996),,
1359,Boys in Venice (1996),,
1360,"Sexual Life of the Belgians, The (1994)",tt0111622,Biography|Comedy|Romance
1361,"Search for One-eye Jimmy, The (1996)",tt0117577,Comedy
1362,American Strays (1996),tt0115531,Action|Comedy
1363,"Leopard Son, The (1996)",tt0116859,Documentary
1364,Bird of Prey (1996),tt0115684,Crime|Drama|Music|Romance|Thriller
1365,Johnny 100 Pesos (1993),tt0107274,Crime|Drama|Thriller
1366,JLG/JLG - autoportrait de d√©cembre (1994),tt0110173,Documentary|Drama
1367,Faust (1994),tt0109781,Animation|Comedy|Drama|Fantasy|Horror
1368,Mina Tannenbaum (1994),tt0110521,Drama
1369,"Forbidden Christ, The (Cristo proibito, Il) (1950)",tt0042354,Drama|Mystery|War
1370,I Can't Sleep (J'ai pas sommeil) (1994),tt0110171,Drama|Mystery|Romance|Thriller
1371,"Machine, The (1994)",,
1372,"Stranger, The (1994)",tt0123281,Thriller
1373,Good Morning (1971),,
1374,Falling in Love Again (1980),tt0080714,Drama|Romance
1375,"Cement Garden, The (1993)",tt0106535,Drama
1376,Meet Wally Sparks (1997),tt0119644,Comedy
1377,Hotel de Love (1996),tt0116565,Comedy|Drama|Romance
1378,Rhyme & Reason (1997),tt0120014,Documentary|Music
1379,Love and Other Catastrophes (1996),tt0116931,Comedy|Romance
1380,Hollow Reed (1996),tt0113314,Drama|Romance
1381,Losing Chase (1996),tt0116920,Drama
1382,"Bonheur, Le (1965)",tt0058985,Drama|Romance
1383,"Second Jungle Book: Mowgli & Baloo, The (1997)",tt0120087,Adventure|Comedy|Drama|Family
1384,Squeeze (1996),tt0117724,Crime|Drama
1385,Roseanna's Grave (For Roseanna) (1997),tt0120034,Comedy|Romance|Drama
1386,Tetsuo II: Body Hammer (1992),tt0105569,Horror|Sci-Fi
1387,Fall (1997),tt0119098,Drama|Romance
1388,Gabbeh (1996),tt0116384,Drama|Mystery|Romance
1389,Mondo (1996),tt0117076,Drama
1390,"Innocent Sleep, The (1995)",tt0113425,Crime|Drama|Thriller
1391,For Ever Mozart (1996),tt0116334,Comedy|Drama|War
1392,"Locusts, The (1997)",tt0119557,Drama
1393,Stag (1997),tt0120192,Action|Drama|Thriller
1394,Swept from the Sea (1997),tt0120257,Drama|Mystery|Romance
1395,Hurricane Streets (1998),,
1396,Stonewall (1995),tt0114550,Comedy|Drama|Romance
1397,Of Human Bondage (1934),tt0025586,Drama|Romance
1398,Anna (1996),tt0115548,Drama
1399,Stranger in the House (1997),tt0120222,Thriller
1400,Picture Bride (1995),tt0114129,Drama|Romance
1401,M. Butterfly (1993),tt0107468,Drama|Romance
1402,"Ciao, Professore! (1993)",tt0107225,Comedy
1403,Caro Diario (Dear Diary) (1994),tt0109382,Biography|Comedy|Drama
1404,Withnail and I (1987),,
1405,Boy's Life 2 (1997),,
1406,When Night Is Falling (1995),tt0114916,Drama|Romance
1407,"Specialist, The (1994)",tt0111255,Action|Drama|Thriller
1408,Gordy (1995),tt0113199,Comedy|Drama|Family|Fantasy
1409,"Swan Princess, The (1994)",tt0111333,Animation|Adventure|Comedy|Family|Fantasy|Musical|Romance
1410,Harlem (1993),,
1411,Barbarella (1968),tt0062711,Adventure|Comedy|Fantasy|Sci-Fi
1412,Land Before Time III: The Time of the Great Giving (1995) (V),tt0113596,Animation|Adventure|Comedy|Drama|Family|Musical|Mystery
1413,Street Fighter (1994),tt0111301,Action|Adventure|Comedy|Thriller
1414,Coldblooded (1995),tt0112702,Action|Comedy|Thriller
1415,"Next Karate Kid, The (1994)",tt0110657,Action|Drama|Family|Romance|Sport
1416,No Escape (1994),tt0110678,Action|Drama|Sci-Fi|Thriller
1417,"Turning, The (1992)",tt0105660,Drama
1418,"Joy Luck Club, The (1993)",tt0107282,Drama
1419,Highlander III: The Sorcerer (1994),,
1420,Gilligan's Island: The Movie (1998),,
1421,My Crazy Life (Mi vida loca) (1993),tt0107566,Crime|Drama
1422,Suture (1993),tt0108260,Drama|Thriller
1423,"Walking Dead, The (1995)",tt0114888,Action|Drama|War
1424,I Like It Like That (1994),tt0110091,Comedy|Drama|Romance
1425,I'll Do Anything (1994),tt0110097,Comedy|Drama
1426,Grace of My Heart (1996),tt0116442,Comedy|Drama|Music
1427,Drunks (1995),tt0112907,Drama
1428,SubUrbia (1997),tt0120238,Comedy|Drama
1429,Sliding Doors (1998),tt0120148,Comedy|Drama|Fantasy|Romance
1430,Ill Gotten Gains (1997),tt0119352,Drama|History
1431,Legal Deceit (1997),tt0130073,Thriller
1432,"Mighty, The (1998)",tt0119670,Comedy|Drama
1433,Men of Means (1998),tt0119655,Action|Drama
1434,Shooting Fish (1997),tt0120122,Comedy|Crime|Romance
1435,"Steal Big, Steal Little (1995)",tt0114536,Comedy
1436,Mr. Jones (1993),tt0107611,Drama|Romance
1437,House Party 3 (1994),tt0110064,Comedy|Music|Romance
1438,Panther (1995),tt0114084,Drama
1439,Jason's Lyric (1994),tt0110186,Crime|Drama|Romance
1440,Above the Rim (1994),tt0109035,Crime|Drama|Sport|Thriller
1441,Moonlight and Valentino (1995),tt0113851,Comedy|Drama|Romance
1442,"Scarlet Letter, The (1995)",tt0114345,Drama|Romance|Western
1443,8 Seconds (1994),tt0109021,Biography|Drama|Sport|Western
1444,That Darn Cat! (1965),tt0059793,Comedy|Crime|Family|Thriller
1445,Ladybird Ladybird (1994),tt0110296,Drama
1446,"Bye Bye, Love (1995)",tt0112606,Comedy
1447,Century (1993),tt0106537,Drama|Romance
1448,My Favorite Season (1993),tt0107471,Drama|Romance
1449,Pather Panchali (1955),,
1450,Golden Earrings (1947),tt0039428,Adventure|Comedy|Drama|Romance|War
1451,Foreign Correspondent (1940),tt0032484,Action|Romance|Thriller|War
1452,Lady of Burlesque (1943),tt0036094,Comedy|Music|Mystery|Romance
1453,Angel on My Shoulder (1946),tt0038300,Adventure|Comedy|Fantasy|Romance
1454,Angel and the Badman (1947),tt0039152,Romance|Western
1455,"Outlaw, The (1943)",tt0036241,Western
1456,Beat the Devil (1954),tt0046414,Action|Adventure|Comedy|Crime|Drama|Romance
1457,Love Is All There Is (1996),tt0116928,Comedy|Romance
1458,"Damsel in Distress, A (1937)",tt0028757,Comedy|Music|Romance
1459,Madame Butterfly (1995),tt0113731,Drama|Music
1460,Sleepover (1995),tt0114472,Drama
1461,Here Comes Cookie (1935),tt0026465,Comedy|Music
1462,"Thieves (Voleurs, Les) (1996)",tt0118100,Crime|Drama|Romance
1463,"Boys, Les (1997)",tt0118764,Comedy|Drama|Sport
1464,"Stars Fell on Henrietta, The (1995)",tt0114534,Drama
1465,Last Summer in the Hamptons (1995),tt0113612,Comedy|Drama
1466,Margaret's Museum (1995),tt0113774,Drama
1467,"Saint of Fort Washington, The (1993)",tt0108026,Drama
1468,"Cure, The (1995)",tt0112757,Drama
1469,Tom and Huck (1995),tt0112302,Adventure|Comedy|Drama|Family|Romance|Western
1470,Gumby: The Movie (1995),tt0113234,Animation|Adventure|Comedy|Family|Fantasy|Music|Sci-Fi|Western
1471,Hideaway (1995),tt0113303,Fantasy|Horror|Thriller
1472,"Visitors, The (Visiteurs, Les) (1993)",tt0108500,Comedy|Fantasy
1473,"Little Princess, The (1939)",tt0031580,Comedy|Drama|Family|Musical
1474,Nina Takes a Lover (1994),tt0110671,Comedy|Romance
1475,Bhaji on the Beach (1993),tt0106408,Comedy|Drama
1476,Raw Deal (1948),tt0040723,Crime|Drama|Film-Noir|Thriller
1477,Nightwatch (1997),tt0119791,Drama|Horror|Thriller
1478,Dead Presidents (1995),tt0112819,Action|Crime|Drama|Thriller|War
1479,Reckless (1995),tt0114241,Comedy|Drama|Fantasy
1480,Herbie Rides Again (1974),tt0071607,Comedy|Family|Fantasy|Romance
1481,S.F.W. (1994),tt0111048,Comedy|Drama
1482,"Gate of Heavenly Peace, The (1995)",tt0113147,Documentary|News
1483,"Man in the Iron Mask, The (1998)",tt0120744,Action|Adventure|Drama
1484,"Jerky Boys, The (1994)",tt0110189,Comedy|Crime
1485,"Colonel Chabert, Le (1994)",tt0109454,Drama|History|Romance|War
1486,Girl in the Cadillac (1995),tt0113173,Adventure|Crime|Drama|Romance
1487,Even Cowgirls Get the Blues (1993),tt0106834,Comedy|Drama|Romance|Western
1488,Germinal (1993),tt0107002,Drama|Romance
1489,Chasers (1994),tt0109403,Action|Comedy|Drama|Romance
1490,Fausto (1993),tt0106878,Comedy
1491,Tough and Deadly (1995),tt0114706,Action|Drama|Thriller
1492,Window to Paris (1994),tt0110719,Comedy|Drama|Fantasy|Sci-Fi
1493,"Modern Affair, A (1995)",tt0113839,Comedy|Drama|Romance
1494,"Mostro, Il (1994)",,
1495,Flirt (1995),tt0113080,Drama|Romance
1496,Carpool (1996),tt0115836,Comedy
1497,"Line King: Al Hirschfeld, The (1996)",,
1498,Farmer & Chase (1995),tt0113031,Comedy
1499,Grosse Fatigue (1994),tt0109942,Comedy
1500,Santa with Muscles (1996),tt0117550,Comedy
1501,Prisoner of the Mountains (Kavkazsky Plennik) (1996),tt0116754,Drama|War
1502,Naked in New York (1994),tt0110623,Comedy|Romance
1503,Gold Diggers: The Secret of Bear Mountain (1995),tt0113188,Adventure|Drama|Family|Mystery
1504,"Bewegte Mann, Der (1994)",,
1505,Killer: A Journal of Murder (1995),tt0113542,Biography|Crime|Drama|Romance|Thriller
1506,Nelly & Monsieur Arnaud (1995),tt0113947,Drama
1507,Three Lives and Only One Death (1996),tt0117968,Comedy|Crime
1508,"Babysitter, The (1995)",tt0112438,Drama|Thriller
1509,Getting Even with Dad (1994),tt0109891,Comedy|Crime|Family
1510,Mad Dog Time (1996),tt0116953,Comedy|Crime|Drama
1511,Children of the Revolution (1996),tt0115886,Comedy|Drama|Romance
1512,"World of Apu, The (Apur Sansar) (1959)",tt0052572,Drama
1513,Sprung (1997),tt0120190,Comedy|Romance
1514,Dream With the Fishes (1997),tt0119019,Comedy|Drama
1515,Wings of Courage (1995),tt0114952,Adventure|Romance
1516,"Wedding Gift, The (1994)",tt0111709,Comedy|Crime|Drama|Mystery|Romance|War
1517,Race the Sun (1996),tt0117427,Adventure|Comedy|Drama
1518,Losing Isaiah (1995),tt0113691,Drama
1519,New Jersey Drive (1995),tt0113967,Crime|Drama
1520,"Fear, The (1995)",tt0113043,Horror
1521,Mr. Wonderful (1993),tt0107613,Comedy|Romance
1522,Trial by Jury (1994),tt0111488,Crime|Drama|Thriller
1523,"Good Man in Africa, A (1994)",tt0109920,Comedy
1524,Kaspar Hauser (1993),tt0110246,Drama|History|Mystery
1525,"Object of My Affection, The (1998)",tt0120772,Comedy|Drama|Romance
1526,Witness (1985),tt0090329,Drama|Romance|Thriller
1527,Senseless (1998),tt0120820,Comedy|Romance
1528,Nowhere (1997),tt0119809,Comedy|Drama|Sci-Fi
1529,Underground (1995),tt0114787,Comedy|Drama|Fantasy|War
1530,Jefferson in Paris (1995),tt0113463,Biography|Drama|History|Romance
1531,Far From Home: The Adventures of Yellow Dog (1995),tt0113028,Adventure|Family
1532,Foreign Student (1994),tt0109828,Drama
1533,I Don't Want to Talk About It (De eso no se habla) (1993),tt0106678,Drama|Romance
1534,Twin Town (1997),tt0120394,Comedy|Drama
1535,"Enfer, L' (1994)",tt0109731,Crime|Drama|Thriller
1536,Aiqing wansui (1994),,
1537,Cosi (1996),tt0115951,Comedy|Drama|Music|Romance
1538,All Over Me (1997),tt0118586,Crime|Drama|Romance
1539,Being Human (1993),tt0106379,Comedy|Drama
1540,"Amazing Panda Adventure, The (1995)",tt0112342,Adventure|Drama|Family
1541,"Beans of Egypt, Maine, The (1994)",tt0109226,Drama
1542,"Scarlet Letter, The (1926)",tt0017350,Drama
1543,Johns (1996),tt0116714,Drama|Romance
1544,It Takes Two (1995),tt0113442,Comedy|Family|Romance
1545,Frankie Starlight (1995),tt0113107,Drama|Romance|War
1546,Shadows (Cienie) (1988),tt0094878,Drama|War
1547,"Show, The (1995)",,
1548,The Courtyard (1995),tt2593224,Comedy|Drama
1549,Dream Man (1995),tt0112899,Thriller
1550,Destiny Turns on the Radio (1995),tt0112854,Crime|Comedy|Fantasy
1551,"Glass Shield, The (1994)",,
1552,"Hunted, The (1995)",tt0113360,Action|Drama|Thriller
1553,"Underneath, The (1995)",,
1554,Safe Passage (1994),tt0111054,Drama
1555,"Secret Adventures of Tom Thumb, The (1993)",tt0108069,Animation|Adventure|Sci-Fi
1556,Condition Red (1995),tt0112712,Action|Drama|Thriller
1557,Yankee Zulu (1994),tt0111787,Comedy|Drama
1558,Aparajito (1956),,
1559,Hostile Intentions (1994),tt0110061,Action|Drama|Thriller
1560,Clean Slate (Coup de Torchon) (1981),,
1561,Tigrero: A Film That Was Never Made (1994),tt0111430,Documentary|Drama
1562,"Eye of Vichy, The (Oeil de Vichy, L') (1993)",tt0107727,Documentary|War
1563,"Promise, The (Versprechen, Das) (1994)",tt0111613,Drama|Romance
1564,To Cross the Rubicon (1991),tt0103095,Comedy
1565,Daens (1992),tt0104046,Biography|Drama|History
1566,"Man from Down Under, The (1943)",tt0031612,Action|Comedy|Drama|War
1567,Careful (1992),tt0103926,Comedy|Drama|Romance
1568,Vermont Is For Lovers (1992),tt0105737,Comedy
1569,"Vie est belle, La (Life is Rosey) (1987)",tt0094265,Comedy|Drama|Musical
1570,Quartier Mozart (1992),tt0105201,Comedy
1571,Touki Bouki (Journey of the Hyena) (1973),tt0070820,Drama
1572,Wend Kuuni (God's Gift) (1982),tt0084898,Drama
1573,Spirits of the Dead (Tre passi nel delirio) (1968),tt0063715,Drama|Horror|Mystery
1574,Pharaoh's Army (1995),tt0114122,Western
1575,"I, Worst of All (Yo, la peor de todas) (1990)",,
1576,"Hungarian Fairy Tale, A (1987)",,
1577,"Death in the Garden (Mort en ce jardin, La) (1956)",tt0049521,Adventure|Drama
1578,"Collectionneuse, La (1967)",,
1579,Baton Rouge (1988),tt0094822,Crime|Mystery|Romance|Thriller
1580,Liebelei (1933),tt0024252,Drama|Romance
1581,"Woman in Question, The (1950)",,
1582,T-Men (1947),tt0039881,Crime|Film-Noir|Thriller
1583,"Invitation, The (Zaproszenie) (1986)",tt0092281,Drama|War
1584,"Symphonie pastorale, La (1946)",tt0039004,Drama
1585,American Dream (1990),tt0099028,Documentary
1586,Lashou shentan (1992),,
1587,Terror in a Texas Town (1958),tt0052287,Drama|Western
1588,Salut cousin! (1996),tt0117544,Comedy
1589,Schizopolis (1996),tt0117561,Comedy|Fantasy|Mystery
1590,"To Have, or Not (1995)",tt0112951,Drama|Romance
1591,Duoluo tianshi (1995),,
1592,"Magic Hour, The (1998)",,
1593,Death in Brunswick (1991),tt0101692,Comedy|Crime|Thriller
1594,Everest (1998),tt0120661,Documentary|Short
1595,Shopping (1994),tt0111173,Action|Crime|Drama|Thriller
1596,Nemesis 2: Nebula (1995),tt0113948,Action|Sci-Fi|Thriller
1597,Romper Stomper (1992),tt0105275,Crime|Drama|Thriller
1598,City of Industry (1997),tt0118859,Crime|Drama|Thriller
1599,Someone Else's America (1995),tt0114494,Comedy|Drama
1600,Guantanamera (1994),tt0109949,Comedy|Drama
1601,Office Killer (1997),tt0119819,Comedy|Crime|Horror|Thriller
1602,"Price Above Rubies, A (1998)",tt0120793,Drama|Romance
1603,Angela (1995),tt0112364,Drama
1604,He Walked by Night (1948),tt0040427,Crime|Film-Noir|Thriller
1605,Love Serenade (1996),tt0116930,Comedy|Crime|Drama|Romance
1606,Deceiver (1997),tt0119527,Crime|Drama|Mystery|Thriller
1607,Hurricane Streets (1998),,
1608,Buddy (1997),tt0118787,Adventure|Comedy|Drama|Family
1609,B*A*P*S (1997),tt0118663,Comedy
1610,"Truth or Consequences, N.M. (1997)",tt0120383,Action|Crime|Drama|Romance|Thriller
1611,Intimate Relations (1996),tt0116643,Comedy|Drama
1612,"Leading Man, The (1996)",,
1613,Tokyo Fist (1995),tt0114690,Action|Drama|Thriller
1614,"Reluctant Debutante, The (1958)",tt0052126,Comedy|Romance
1615,Warriors of Virtue (1997),tt0120479,Action|Adventure|Fantasy
1616,Desert Winds (1995),tt0112849,Drama|Mystery|Romance
1617,Hugo Pool (1997),tt0119327,Comedy|Romance
1618,King of New York (1990),tt0099939,Crime|Thriller
1619,All Things Fair (1996),tt0113720,Drama|Romance|War
1620,"Sixth Man, The (1997)",,
1621,Butterfly Kiss (1995),tt0112604,Comedy|Drama|Romance|Thriller
1622,"Paris, France (1993)",tt0107779,Comedy|Drama|Thriller
1623,"C√©r√©monie, La (1995)",,
1624,Hush (1998),tt0118744,Drama|Thriller
1625,Nightwatch (1997),tt0119791,Drama|Horror|Thriller
1626,Nobody Loves Me (Keiner liebt mich) (1994),tt0110251,Comedy|Drama
1627,"Wife, The (1995)",tt0114936,Comedy|Drama
1628,Lamerica (1994),tt0110299,Comedy|Drama
1629,Nico Icon (1995),tt0113973,Documentary|Biography|Music
1630,"Silence of the Palace, The (Saimt el Qusur) (1994)",,
1631,"Slingshot, The (1993)",tt0107349,Drama
1632,Land and Freedom (Tierra y libertad) (1995),tt0114671,Drama|War
1633,√Å k√∂ldum klaka (Cold Fever) (1994),tt0109028,Comedy|Drama|Mystery
1634,Etz Hadomim Tafus (Under the Domin Tree) (1994),,
1635,Two Friends (1986) ,tt0092123,Drama
1636,Brothers in Trouble (1995),tt0112586,Comedy|Drama
1637,Girls Town (1996),tt0116418,Comedy|Drama
1638,Normal Life (1996),tt0117202,Crime|Drama
1639,Bitter Sugar (Azucar Amargo) (1996),tt0115600,Drama|Romance
1640,"Eighth Day, The (1996)",tt0116581,Comedy|Drama
1641,Dadetown (1995),tt0112777,Drama
1642,Some Mother's Son (1996),tt0117690,Drama|History
1643,Angel Baby (1995),tt0112362,Drama|Romance
1644,Sudden Manhattan (1996),tt0117775,Comedy|Drama|Fantasy|Mystery
1645,"Butcher Boy, The (1998)",tt0118804,Comedy|Drama
1646,Men With Guns (1997),tt0119656,Action|Crime|Drama
1647,Hana-bi (1997),,
1648,"Niagara, Niagara (1997)",tt0119780,Drama|Romance
1649,"Big One, The (1997)",tt0124295,Documentary|Comedy|Crime|Drama
1650,"Butcher Boy, The (1998)",tt0118804,Comedy|Drama
1651,"Spanish Prisoner, The (1997)",tt0120176,Drama|Mystery|Thriller
1652,Temptress Moon (Feng Yue) (1996),tt0116295,Drama|Romance
1653,Entertaining Angels: The Dorothy Day Story (1996),tt0116212,Biography|Drama|Romance
1654,Chairman of the Board (1998),tt0118836,Comedy
1655,"Favor, The (1994)",tt0109783,Comedy|Romance
1656,Little City (1998),tt0119548,Comedy|Romance
1657,Target (1995),tt0114618,Drama
1658,"Substance of Fire, The (1996)",tt0117773,Drama
1659,Getting Away With Murder (1996),tt0116405,Comedy
1660,Small Faces (1995),tt0114474,Drama
1661,"New Age, The (1994)",tt0110649,Comedy|Drama
1662,Rough Magic (1995),tt0114303,Comedy|Drama|Romance|Fantasy
1663,Nothing Personal (1995),tt0114007,Drama
1664,8 Heads in a Duffel Bag (1997),tt0118541,Adventure|Comedy|Crime|Mystery
1665,"Brother's Kiss, A (1997)",tt0118783,Drama
1666,Ripe (1996),tt0117482,Drama|Romance
1667,"Next Step, The (1995)",tt0113968,Drama|Music
1668,Wedding Bell Blues (1996),tt0118127,Comedy|Romance
1669,MURDER and murder (1996),tt0116949,
1670,Tainted (1998),tt0128690,Comedy|Thriller
1671,"Further Gesture, A (1996)",tt0116379,Drama|Romance|Thriller
1672,Kika (1993),tt0107315,Comedy
1673,Mirage (1995),tt0113827,Action|Thriller
1674,Mamma Roma (1962),tt0056215,Drama
1675,"Sunchaser, The (1996)",tt0117781,Crime|Drama
1676,"War at Home, The (1996)",tt0118117,Drama
1677,Sweet Nothing (1995),tt0114592,Drama
1678,Mat' i syn (1997),,
1679,B. Monkey (1998),tt0120594,Crime|Drama|Romance|Thriller
1680,Sliding Doors (1998),tt0120148,Comedy|Drama|Fantasy|Romance
1681,You So Crazy (1994),tt0111804,Documentary|Comedy
1682,Scream of Stone (Schrei aus Stein) (1991),tt0102855,Drama